29. 12. 2020;-84 035,00 CZK;2001012 / 558 / 45;Odchozí platba;reklamni plochy na MHD - uhrada faktury PERROS Communication s.r.o.IC 02720663
29. 12. 2020;-1 936,00 CZK;2002347 / 558 / 0;Odchozí platba;NIESSNER JAROMIR uhrada faktury 2002347
28. 12. 2020;1 936,00 CZK;2002347 / 0 / 0;NIESSNER JAROMÍR;Příchozí platba;J.Niessner-vratka duplikovsné platby.Placeno hotově 14.9.2020
18. 12. 2020;-200 000,00 CZK;71443339 / 558 / 21;Odchozí platba;Koaliční dohoda s ČSSD
16. 12. 2020;-1 202,26 CZK;3010000013 / 558 / 12;Odchozí platba;PYORD0000024012 ONDREJ TRTILEK KOPRETINOVA 2656/2CESKE BUDEJOVICE ICO:19.2.1993VYUCTOVANI TRTILEK
16. 12. 2020;-9 931,26 CZK;3010000014 / 558 / 12;Odchozí platba;PYORD0000024013 ONDREJ TRTILEK KOPRETINOVA 2656/2CESKE BUDEJOVICE ICO:19.2.1993VYUCTOVANI TRTILEK
15. 12. 2020;-24 858,14 CZK;10035 / 558 / 45;Odchozí platba;PYORD0000024011 PAVEL KALINA PRAZSKA TRIDA 111/68HRADEC KRALOVE DAT.NAR.:05.12.1968REKLAMNI PLOCHY
11. 12. 2020;-12 100,00 CZK;20158 / 558 / 66;Odchozí platba;PYORD0000023980 INTERTRADE MORAVIA S. R. O. NA ZAKOPE 587/2OLOMOUC ICO:62362828REKLAMA ON-LINE
11. 12. 2020;-4 000,00 CZK;10019 / 558 / 66;Odchozí platba;PYORD0000023984 MARTIN PEKAR PALACKEHO 905LITOVEL DAT.NAR.:23.04.1970REKLAMNI PLOCHY
11. 12. 2020;-32 299,74 CZK;2017022417 / 558 / 45;Odchozí platba;PYORD0000023981 VLTAVA LABE MEDIA A.S. U TREZORKY 921/2PRAHA 5 - JINONICE ICO:01440578INZERCE
11. 12. 2020;-2 500,00 CZK;10020 / 558 / 63;Odchozí platba;PYORD0000023985 VLADIMIR MICEK KRATOCHVILOVA 5PREROV DAT.NAR.:23.01.1963REKLAMNI PLOCHY
11. 12. 2020;-300,00 CZK;10017 / 558 / 66;Odchozí platba;PYORD0000023982 PAVLA KRMELOVA LESTINKA 919/15ZABREH DAT.NAR.:27.02.1976REKLAMNI PLOCHY
11. 12. 2020;-500,00 CZK;10018 / 558 / 66;Odchozí platba;PYORD0000023983 MICHAL VILIMEK SKALICKA 6ZABREH DAT.NAR.:17.04.1967REKLAMNI PLOCHY
10. 12. 2020;-1 172,00 CZK;20200058 / 558 / 51;Odchozí platba;PYORD0000023952 PETR TULPA KASTANOVA 667MILOVICE - MLADA ICO:87689260GRAFICKE PRACE
10. 12. 2020;-4 522,50 CZK;20200058 / 558 / 15;Odchozí platba;PYORD0000023954 PETR TULPA KASTANOVA 667MILOVICE - MLADA ICO:87689260GRAFICKE PRACE
10. 12. 2020;-85 800,00 CZK;2020021 / 558 / 66;Odchozí platba;PYORD0000023941 MORAVSKE SLUZBY S.R.O. JANACKOVA 1951/43SUMPERK ICO:05543479INZERCE
10. 12. 2020;-10 887,50 CZK;20200058 / 558 / 63;Odchozí platba;PYORD0000023955 PETR TULPA KASTANOVA 667MILOVICE - MLADA ICO:87689260GRAFICKE PRACE
10. 12. 2020;-1 341,00 CZK;20200058 / 558 / 42;Odchozí platba;PYORD0000023957 PETR TULPA KASTANOVA 667MILOVICE - MLADA ICO:87689260GRAFICKE PRACE
10. 12. 2020;-1 936,00 CZK;2002347 / 558 / 66;Odchozí platba;PYORD0000023951 NIESSNER JAROMIR STAVENICE 47USOV ICO:13614363PLAKATY
10. 12. 2020;-3 852,00 CZK;20200058 / 558 / 69;Odchozí platba;PYORD0000023953 PETR TULPA KASTANOVA 667MILOVICE - MLADA ICO:87689260GRAFICKE PRACE
10. 12. 2020;-8 040,00 CZK;20200058 / 558 / 66;Odchozí platba;PYORD0000023956 PETR TULPA KASTANOVA 667MILOVICE - MLADA ICO:87689260GRAFICKE PRACE
9. 12. 2020;3,46 CZK;5190512813 / 306 / 1000045538;CP, S.P. - JC1;Příchozí platba
7. 12. 2020;-2 500,00 CZK;620 / 558 / 30;Odchozí platba;Jakub Galuska R1 431-470 uhrazeno z volebniho uctu kraje
7. 12. 2020;-2 500,00 CZK;620 / 558 / 42;Odchozí platba;Jakub Galuska R1 431-470 uhrazeno z volebniho uctu kraje
3. 12. 2020;-12 012,00 CZK;20200030 / 558 / 45;Odchozí platba;PYORD0000023867 MAURICE RECORDS S.R.O. NA TREBESINE 2418/58PRAHA 10 - STRAICO:03181880PLACENE FCB PRISPEVKY
3. 12. 2020;-15 572,70 CZK;7900001886 / 558 / 60;Odchozí platba;PYORD0000023865 AGROTEC A.S. BRNENSKA 74HUSTOPECE ICO:00544957VOLEBNI NOVINY
3. 12. 2020;-51 131,82 CZK;5115172970 / 558 / 45;Odchozí platba;PYORD0000023866 CESKA POSTA, S.P. POLITICKYCH VEZNU 909/4PRAHA 1 ICO:47114983ROZNOS LETAKU
2. 12. 2020;-4 000,00 CZK;3 / 558 / 63;Odchozí platba;PYORD0000023793 FRANTISEK LOSTAK KOMAROV 34/2PREROV IX-LYSKY ICO:48384356SKAKACI HRAD
2. 12. 2020;-6 300,00 CZK;1312020 / 558 / 66;Odchozí platba;PYORD0000023795 JAN DLOUHY K DOLUM 200/13PRAHA 4 ICO:18846700VYLEP A TISK
2. 12. 2020;-21 769,00 CZK;3010000011 / 558 / 45;Odchozí platba;PYORD0000023796 DARINA KRICNAROVA LHOTA POD HORICKAMI 32LHOTA POD HORDAT.NAR.:04.03.1974VYUCTOVANI KRICN
2. 12. 2020;-6 800,00 CZK;1302020 / 558 / 63;Odchozí platba;PYORD0000023794 JAN DLOUHY K DOLUM 200/13PRAHA 4 ICO:18846700VYLEP A TISK
2. 12. 2020;-3 896,62 CZK;5117276415 / 558 / 63;Odchozí platba;PYORD0000023791 CESKA POSTA, S.P. POLITICKYCH VEZNU 909/4PRAHA 1 ICO:47114983ROZNASKA
2. 12. 2020;-1 466,52 CZK;2847 / 558 / 63;Odchozí platba;PYORD0000023792 EUROAWK S.R.O. KONOPISTSKA 739/16PRAHA 10 - VRSOVIICO:24196819TISK PLAKATU
2. 12. 2020;-54 761,02 CZK;3010000012 / 558 / 54;Odchozí platba;PYORD0000023797 JANA LANCUCHOVA ROLNICKA 661/7BRNO DAT.NAR.:18.02.1984VYUCTOVANI LANCU
30. 11. 2020;-6 776,00 CZK;8120003745 / 558 / 30;Odchozí platba;PYORD0000022985 ASTRON PRINT, S.R.O. VESELSKA 699PRAHA 9 - LETNANY ICO:26155222PLACHTY
30. 11. 2020;-4 919,86 CZK;59000419 / 558 / 45;Odchozí platba;PYORD0000023441 UNIPRINT, S.R.O. ZBUZANY 1584RYCHNOV NAD KNEZNOU ICO:47451025LETAK
30. 11. 2020;-2 643,85 CZK;59000424 / 558 / 39;Odchozí platba;PYORD0000023660 UNIPRINT, S.R.O. ZBUZANY 1584RYCHNOV NAD KNEZNOU ICO:47451025PLAKATY
30. 11. 2020;-9 292,00 CZK;2120026855 / 558 / 39;Odchozí platba;PYORD0000023659 MAFRA, A.S. KARLA ENGLISE 519/11PRAHA 5 ICO:45313351ONLINE REKLAMA
30. 11. 2020;-23 232,00 CZK;4120009162 / 558 / 60;Odchozí platba;PYORD0000023440 VELETRHY BRNO, A.S. VYSTAVISTE 405/1BRNO - PISARKY ICO:25582518HOSTESKY
30. 11. 2020;-2 643,85 CZK;59000423 / 558 / 45;Odchozí platba;PYORD0000023506 UNIPRINT, S.R.O. ZBUZANY 1584RYCHNOV NAD KNEZNOU ICO:47451025PLAKATY
30. 11. 2020;-3 211,00 CZK;20200031 / 558 / 39;Odchozí platba;PYORD0000023787 MAURICE RECORDS S.R.O. NA TREBESINE 2418/58PRAHA 10 - STRAICO:03181880REKLAMA NA FB
27. 11. 2020;-106 571,00 CZK;20200358 / 558 / 63;Odchozí platba;PYORD0000023492 A.R.T. 247 S. R. O. DR. SKALAKA 7PREROV I - MESTO ICO:25838652REKLAMNI PLOCHY + TISK
27. 11. 2020;-484,00 CZK;20200344 / 558 / 63;Odchozí platba;PYORD0000023681 MAREK HAJEK HLUCHOLAZSKA 41MIKULOVICE ICO:06169759SPRAVA FB PROFILU
26. 11. 2020;-12 100,00 CZK;2020086 / 558 / 75;Odchozí platba;PYORD0000023309 PIKONE S.R.O. HORNICKA 652ALBRECHTICE ICO:05798281INZERCE V NOVINACH
26. 11. 2020;-21 780,00 CZK;2020082 / 558 / 75;Odchozí platba;PYORD0000023305 PIKONE S.R.O. HORNICKA 652ALBRECHTICE ICO:05798281ROZNASKA DO SCHRANEK
26. 11. 2020;-7 202,50 CZK;20200066 / 558 / 15;Odchozí platba;PYORD0000023391 PETR TULPA KASTANOVA 667MILOVICE - MLADA ICO:87689260GRAFICKE PRACE
26. 11. 2020;-46 920,00 CZK;120173 / 558 / 63;Odchozí platba;PYORD0000023573 KULTURNI.A INFORMACNI SLUZBY NAM. T. G. MASARYKA 150/8PREROV ICO:45180512PRONAJEM REKLAMNICH PLO
26. 11. 2020;-13 175,00 CZK;120176 / 558 / 63;Odchozí platba;PYORD0000023500 KULTURNI.A INFORMACNI SLUZBY NAM. T. G. MASARYKA 150/8PREROV ICO:45180512REKLAMNI PLOCHY
26. 11. 2020;-70 180,00 CZK;2020087 / 558 / 75;Odchozí platba;PYORD0000023310 PIKONE S.R.O. HORNICKA 652ALBRECHTICE ICO:05798281LETAKY
26. 11. 2020;-33 813,45 CZK;9120 / 558 / 39;Odchozí platba;PYORD0000023398 REKETI JANECKOVA KOTKOVA 792DVUR KRALOVE NAD LABEM ICO:49292421VOLEBNI BROZURA
26. 11. 2020;-12 100,00 CZK;2020083 / 558 / 75;Odchozí platba;PYORD0000023306 PIKONE S.R.O. HORNICKA 652ALBRECHTICE ICO:05798281INZERCE V NOVINACH
26. 11. 2020;-24 200,00 CZK;2020081 / 558 / 75;Odchozí platba;PYORD0000023304 PIKONE S.R.O. HORNICKA 652ALBRECHTICE ICO:05798281ONLINE INZERCE
26. 11. 2020;-32 743,00 CZK;20200712 / 558 / 66;Odchozí platba;PYORD0000023498 JUTTY GROUP S.R.O. TOVARNI 3038/7APREROV I - MESTO ICO:25849620LETAKY
26. 11. 2020;-11 688,60 CZK;59000393 / 558 / 39;Odchozí platba;PYORD0000023325 UNIPRINT, S.R.O. ZBUZANY 1584RYCHNOV NAD KNEZNOU ICO:47451025TISK LETAKU
26. 11. 2020;-20 255,40 CZK;59000392 / 558 / 45;Odchozí platba;PYORD0000023392 UNIPRINT, S.R.O. ZBUZANY 1584RYCHNOV NAD KNEZNOU ICO:47451025LETAKY
26. 11. 2020;-17 449,50 CZK;2020084 / 558 / 75;Odchozí platba;PYORD0000023307 PIKONE S.R.O. HORNICKA 652ALBRECHTICE ICO:05798281INZERCE
26. 11. 2020;-6 050,00 CZK;2020085 / 558 / 75;Odchozí platba;PYORD0000023308 PIKONE S.R.O. HORNICKA 652ALBRECHTICE ICO:05798281NAJEM ZADNICH SKEL AUT
26. 11. 2020;-30 731,33 CZK;52020 / 558 / 63;Odchozí platba;PYORD0000023577 ING. TOMAS NAVRATIL SVEPOMOC II2271/48PREROV ICO:08018855SPRAVA FC PROFILU
26. 11. 2020;-5 200,00 CZK;2020210087 / 558 / 63;Odchozí platba;PYORD0000023609 PSS PREROVSKA STAVEBNI A.S. SKOPALOVA 2861/7PREROV ICO:27769585REKLAMNI PLOCHY
25. 11. 2020;-7 260,00 CZK;20200698 / 558 / 66;Odchozí platba;PYORD0000023497 JUTTY GROUP S.R.O. TOVARNI 3038/7APREROV I - MESTO ICO:25849620PLAKATY
24. 11. 2020;-23,38 CZK;5190512814 / 558 / 66;Odchozí platba;PYORD0000023678 CESKA POSTA, S.P. POLITICKYCH VEZNU 909/4PRAHA 1 ICO:47114983NEADRESNA DISTRIBUCE
24. 11. 2020;-5 974,63 CZK;12206265 / 558 / 57;Odchozí platba;PYORD0000023679 CESKA DISTRIBUCNI A.S. NA ROVINCE 879OSTRAVA - HRABOVA ICO:26791692ROZNOS - ZRUSENI OBJEDN
24. 11. 2020;-2 460,63 CZK;20200017 / 558 / 42;Odchozí platba;PYORD0000023680 MUDR. IGOR KAREN ZAHRADNI 1985LYSA NAD LABEM ICO:62453823ROZNASKA,ZABOR
24. 11. 2020;-30 000,00 CZK;20200052 / 558 / 54;Odchozí platba;PYORD0000023399 VITEZSLAV KLEMENT ZABEHLICKA 1916/20PRAHA 10 - ZABEHLICO:08421323CONSULTING, FB,PRISPEVK
23. 11. 2020;1 000 000,00 CZK;9 / 558 / 0;ANO 2011;Příchozí platba;prevod financi HKH na volebni ucet senatnich voleb 2020
23. 11. 2020;-726,00 CZK;2020257 / 558 / 57;Odchozí platba;PYORD0000023303 JAROSLAV KRATOCHVIL M. BENKY 4194/29AHODONIN ICO:02882116PODKLADY PRO INZERCI
23. 11. 2020;-6 025,60 CZK;3010000009 / 558 / 57;Odchozí platba;PYORD0000023676 JANA LANCUCHOVA ROLNICKA 661/7BRNO DAT.NAR.:18.02.1984VYUCTOVANI J.LAN
23. 11. 2020;-544,50 CZK;20200300 / 558 / 3;Odchozí platba;PYORD0000023667 MEDIA A.S. BOTANICKA 252/6DALOVICE ICO:28500091KLOBOUKY
23. 11. 2020;-60 314,78 CZK;3010000010 / 558 / 60;Odchozí platba;PYORD0000023677 JANA LANCUCHOVA ROLNICKA 661/7BRNO DAT.NAR.:18.02.1984VYUCTOVANI J.LAN
20. 11. 2020;-4 250,00 CZK;202030160 / 558 / 39;Odchozí platba;PYORD0000023658 MEOB S.R.O. CECHOVA 1203DVUR KRALOVE NAD LABEM ICO:04095413RIGHT BANNER
20. 11. 2020;-3 828,44 CZK;202000204 / 558 / 72;Odchozí platba;PYORD0000023292 MARVIO AGENCY S.R.O. 28.RIJNA 770/6OSTRAVA 2 ICO:03835901LETAKY
19. 11. 2020;-6 578,00 CZK;1201565 / 558 / 57;Odchozí platba;PYORD0000023283 A STUDIO GROUP, SPOL. S R.O. NERUDOVA 1339/579KYJOV ICO:25512358
19. 11. 2020;-5 712,00 CZK;1201563 / 558 / 57;Odchozí platba;PYORD0000023313 A STUDIO GROUP, SPOL. S R.O. NERUDOVA 1339/579KYJOV ICO:25512358LETAKY
19. 11. 2020;-30 000,00 CZK;20200053 / 558 / 60;Odchozí platba;PYORD0000023400 VITEZSLAV KLEMENT ZABEHLICKA 1916/20PRAHA 10 - ZABEHLICO:08421323SPRAVA FCB
19. 11. 2020;-57 475,00 CZK;2120023845 / 558 / 57;Odchozí platba;PYORD0000023489 MAFRA, A.S. KARLA ENGLISE 519/11PRAHA 5 ICO:45313351CLANEK V NOVINACH
19. 11. 2020;-20 267,50 CZK;1201566 / 558 / 57;Odchozí platba;PYORD0000023284 A STUDIO GROUP, SPOL. S R.O. NERUDOVA 1339/579KYJOV ICO:25512358TISK LETAKU
19. 11. 2020;-34 727,00 CZK;107102020 / 558 / 6;Odchozí platba;PYORD0000023285 OHRE MEDIA SPOL. S R.O. BRANKA 49ZATEC ICO:25452584INZERCE V NOVINACH
19. 11. 2020;-5 712,00 CZK;1201564 / 558 / 57;Odchozí platba;PYORD0000023314 A STUDIO GROUP, SPOL. S R.O. NERUDOVA 1339/579KYJOV ICO:25512358LETAKY
19. 11. 2020;-2 945,00 CZK;200100641 / 558 / 66;Odchozí platba;PYORD0000023566 KARTOTISK S.R.O. ZEROTINOVA 2075/48SUMPERK ICO:26787024TISK LETAKU
19. 11. 2020;-9 600,00 CZK;6370017068 / 558 / 51;Odchozí platba;PYORD0000023623 IMOBA, A.S. PYSELSKA 2327/2PRAHA 4 ICO:26124459GRAFICKE PRACE
19. 11. 2020;-2 015,99 CZK;7900002056 / 558 / 66;Odchozí platba;PYORD0000023665 AGROTEC A.S. BRNENSKA 74HUSTOPECE ICO:00544957SPOTREBA PHM
19. 11. 2020;-2 613,60 CZK;2009200155 / 558 / 69;Odchozí platba;PYORD0000022983 CSAD FRYDEK - MISTEK A.S. POLITICKYCH OBETI 2238FRYDEK-MISTEKICO:45192073REKLAMNI PLOCH V MHD
19. 11. 2020;-57 475,00 CZK;2120023844 / 558 / 60;Odchozí platba;PYORD0000023429 MAFRA, A.S. KARLA ENGLISE 519/11PRAHA 5 ICO:45313351CLANEK V NOVINACH
19. 11. 2020;-5 700,00 CZK;6370017068 / 558 / 15;Odchozí platba;PYORD0000023622 IMOBA, A.S. PYSELSKA 2327/2PRAHA 4 ICO:26124459GRAFICKE PRACE
19. 11. 2020;-16 171,86 CZK;200100648 / 558 / 66;Odchozí platba;PYORD0000023494 KARTOTISK S.R.O. ZEROTINOVA 2075/48SUMPERK ICO:26787024LETAKY
19. 11. 2020;-8 710,00 CZK;10902020 / 558 / 39;Odchozí platba;PYORD0000023394 JAN DLOUHY K DOLUM 200/13PRAHA 4 ICO:18846700TISK A VYLEP PLAKATU
19. 11. 2020;-58 080,00 CZK;2120023843 / 558 / 54;Odchozí platba;PYORD0000023428 MAFRA, A.S. KARLA ENGLISE 519/11PRAHA 5 ICO:45313351CLANEK V NOVINACH
19. 11. 2020;-23 474,00 CZK;201301980 / 558 / 45;Odchozí platba;PYORD0000023282 WIP REKLAMA SPOL. S R.O. SKOLNI 2235/3CESKE BUDEJOVICE ICO:00511099REKLAMNI PLOCHY
19. 11. 2020;-968,00 CZK;20200685 / 558 / 63;Odchozí platba;PYORD0000023570 JUTTY GROUP S.R.O. TOVARNI 3038/7APREROV I - MESTO ICO:25849620PRELEPKA
19. 11. 2020;-1 720,81 CZK;7900002056 / 558 / 63;Odchozí platba;PYORD0000023666 AGROTEC A.S. BRNENSKA 74HUSTOPECE ICO:00544957SPOTREBA PHM
19. 11. 2020;-8 349,00 CZK;1201568 / 558 / 57;Odchozí platba;PYORD0000023315 A STUDIO GROUP, SPOL. S R.O. NERUDOVA 1339/579KYJOV ICO:25512358GRAFICKE NAVRHY
19. 11. 2020;-11 434,00 CZK;10114461 / 558 / 45;Odchozí platba;PYORD0000023316 RENGL, S.R.O. ZAKOPNICKA 354/11LIBEREC 14 - RUPREICO:25420160REKLAMNI PLOCHY
19. 11. 2020;-2 083,00 CZK;10114463 / 558 / 72;Odchozí platba;PYORD0000023390 RENGL, S.R.O. ZAKOPNICKA 354/11LIBEREC 14 - RUPREICO:25420160VYLEP PLAKATU
19. 11. 2020;-5 000,00 CZK;1422020 / 558 / 45;Odchozí platba;PYORD0000023502 JAN DLOUHY K DOLUM 200/13PRAHA 4 ICO:18846700REKLAMNI PLOCHY
19. 11. 2020;-9 500,00 CZK;1442020 / 558 / 66;Odchozí platba;PYORD0000023503 JAN DLOUHY K DOLUM 200/13PRAHA 4 ICO:18846700VYLEP PLAKATU
18. 11. 2020;-25 621,75 CZK;4120008899 / 558 / 60;Odchozí platba;PYORD0000023281 VELETRHY BRNO, A.S. VYSTAVISTE 405/1BRNO - PISARKY ICO:25582518MOBILNI BILLBOARD
18. 11. 2020;-11 689,00 CZK;10114417 / 558 / 66;Odchozí platba;PYORD0000023496 RENGL, S.R.O. ZAKOPNICKA 354/11LIBEREC 14 - RUPREICO:25420160REKLAMNI PLOCHY
18. 11. 2020;-11 663,00 CZK;10114419 / 558 / 42;Odchozí platba;PYORD0000023287 RENGL, S.R.O. ZAKOPNICKA 354/11LIBEREC 14 - RUPREICO:25420160PRONAJEM REKL. PLOCH
18. 11. 2020;-40 656,00 CZK;4120008802 / 558 / 60;Odchozí platba;PYORD0000023385 VELETRHY BRNO, A.S. VYSTAVISTE 405/1BRNO - PISARKY ICO:25582518HOSTESKY
18. 11. 2020;-2 783,00 CZK;20200662 / 558 / 63;Odchozí platba;PYORD0000023568 JUTTY GROUP S.R.O. TOVARNI 3038/7APREROV I - MESTO ICO:25849620PLAKATY
18. 11. 2020;-1 083,06 CZK;2151278065 / 558 / 69;Odchozí platba;PYORD0000022981 AVE CZ ODPADOVE HOSPODARSTVI S.R.O.PRAZSKA 1321/38APRAHA 15 - HOSTIVA ICO:49356089VYLEP PLAKATU
18. 11. 2020;-3 624,00 CZK;10114418 / 558 / 63;Odchozí platba;PYORD0000023286 RENGL, S.R.O. ZAKOPNICKA 354/11LIBEREC 14 - RUPREICO:25420160TISK A VYLEP PLAKATU
18. 11. 2020;-6 400,00 CZK;20200663 / 558 / 63;Odchozí platba;PYORD0000023569 JUTTY GROUP S.R.O. TOVARNI 3038/7APREROV I - MESTO ICO:25849620PLAKATY
18. 11. 2020;-6 747,83 CZK;59000371 / 558 / 45;Odchozí platba;PYORD0000022994 UNIPRINT, S.R.O. ZBUZANY 1584RYCHNOV NAD KNEZNOU ICO:47451025PLAKATY
16. 11. 2020;-2 664,46 CZK;7900002057 / 558 / 15;Odchozí platba;PYORD0000023650 AGROTEC A.S. BRNENSKA 74HUSTOPECE ICO:00544957SPOTREBA PHM
16. 11. 2020;26 914,09 CZK;52200210 / 0 / 0;ČESKÁ DISTRIBUČNÍ AS;Příchozí platba;. DPS 62200334
16. 11. 2020;26 312,44 CZK;52200207 / 0 / 0;ČESKÁ DISTRIBUČNÍ AS;Příchozí platba;. DPS 62200395
16. 11. 2020;30 271,44 CZK;52200208 / 0 / 0;ČESKÁ DISTRIBUČNÍ AS;Příchozí platba;. DPS 62200394
13. 11. 2020;-13 000,00 CZK;120165 / 558 / 63;Odchozí platba;PYORD0000022993 KULTURNI.A INFORMACNI SLUZBY NAM. T. G. MASARYKA 150/8PREROV ICO:45180512REKLAMNI PLOCHY
13. 11. 2020;-9 800,00 CZK;6370017011 / 558 / 45;Odchozí platba;PYORD0000023649 IMOBA, A.S. PYSELSKA 2327/2PRAHA 4 ICO:26124459GRAFICKE PRACE
13. 11. 2020;-48 822,29 CZK;20200013 / 558 / 42;Odchozí platba;PYORD0000023657 MUDR. IGOR KAREN ZAHRADNI 1985LYSA NAD LABEM ICO:62453823PRONAJEM,POSTOVNE,DOPRA
13. 11. 2020;-16 933,00 CZK;20200656 / 558 / 66;Odchozí platba;PYORD0000022989 JUTTY GROUP S.R.O. TOVARNI 3038/7APREROV I - MESTO ICO:25849620LETAKY
13. 11. 2020;-23 740,20 CZK;2017022319 / 558 / 39;Odchozí platba;PYORD0000023656 VLTAVA LABE MEDIA A.S. U TREZORKY 921/2PRAHA 5 - JINONICE ICO:01440578INZERCE
13. 11. 2020;-5 800,00 CZK;202002 / 558 / 51;Odchozí platba;PYORD0000023505 ERIKA VIDOVICOVA LNARSKA 109PRAHA ICO:02335719VIDEA
13. 11. 2020;-10 720,00 CZK;20200062 / 558 / 63;Odchozí platba;PYORD0000023651 PETR TULPA KASTANOVA 667MILOVICE - MLADA ICO:87689260GRAFICKE PRACE
13. 11. 2020;-16 933,00 CZK;20200657 / 558 / 63;Odchozí platba;PYORD0000022990 JUTTY GROUP S.R.O. TOVARNI 3038/7APREROV I - MESTO ICO:25849620LETAKY
13. 11. 2020;-1 000,00 CZK;20135 / 558 / 6;Odchozí platba;PYORD0000023434 ATTRACTIVE S.R.O. OVOCNY TRH 572/11PRAHA 1 ICO:27315819VYROBA VIDEA
13. 11. 2020;-13 068,00 CZK;20200658 / 558 / 63;Odchozí platba;PYORD0000022991 JUTTY GROUP S.R.O. TOVARNI 3038/7APREROV I - MESTO ICO:25849620PLAKATY
13. 11. 2020;-6 149,00 CZK;20200655 / 558 / 63;Odchozí platba;PYORD0000022988 JUTTY GROUP S.R.O. TOVARNI 3038/7APREROV I - MESTO ICO:25849620VYROBA PLACHET
13. 11. 2020;-2 345,00 CZK;20200062 / 558 / 75;Odchozí platba;PYORD0000023655 PETR TULPA KASTANOVA 667MILOVICE - MLADA ICO:87689260GRAFICKE PRACE
13. 11. 2020;-24 405,22 CZK;2206101965 / 558 / 69;Odchozí platba;PYORD0000022982 BORGIS A.S. SLEZSKA 2127/13PRAHA 2 ICO:00564893INZERCE
13. 11. 2020;-3 872,00 CZK;300200137 / 558 / 57;Odchozí platba;PYORD0000023290 VYDOS BUS A.S. JIRIHO WOLKERA 416/1VYSKOV ICO:26950731REKLAMNI SPOT
13. 11. 2020;-9 430,00 CZK;1362020 / 558 / 39;Odchozí platba;PYORD0000023396 JAN DLOUHY K DOLUM 200/13PRAHA 4 ICO:18846700TISK A VYLEP PLAKATU
13. 11. 2020;-3 015,00 CZK;20200062 / 558 / 39;Odchozí platba;PYORD0000023653 PETR TULPA KASTANOVA 667MILOVICE - MLADA ICO:87689260GRAFICKE PRACE
13. 11. 2020;3 630,00 CZK;2020013 / 308 / 0;VANESTA reklama s.r.;Příchozí platba;dobropis
13. 11. 2020;-24 200,00 CZK;200100254 / 558 / 15;Odchozí platba;PYORD0000022984 OUR MEDIA A.S. VINOHRADSKA 1597/174PRAHA 3 ICO:28876890INZERCE V PARLAMENT.LIS
13. 11. 2020;-9 680,00 CZK;1145160 / 558 / 51;Odchozí platba;PYORD0000022986 PAROLA, SPOL. S R.O. FRITZOVA 1552/34JIHLAVA ICO:18199283REKLAMA V NOVINACH
13. 11. 2020;-7 705,00 CZK;20200062 / 558 / 66;Odchozí platba;PYORD0000023652 PETR TULPA KASTANOVA 667MILOVICE - MLADA ICO:87689260GRAFICKE PRACE
13. 11. 2020;-13 300,01 CZK;6370017009 / 558 / 39;Odchozí platba;PYORD0000023648 IMOBA, A.S. PYSELSKA 2327/2PRAHA 4 ICO:26124459GRAFICKE PRACE
13. 11. 2020;-2 345,00 CZK;20200062 / 558 / 45;Odchozí platba;PYORD0000023654 PETR TULPA KASTANOVA 667MILOVICE - MLADA ICO:87689260GRAFICKE PRACE
12. 11. 2020;-31 000,00 CZK;20200635 / 558 / 63;Odchozí platba;PYORD0000022933 JUTTY GROUP S.R.O. TOVARNI 3038/7APREROV I - MESTO ICO:25849620PLACHTY S OKY
12. 11. 2020;-33 900,00 CZK;20200628 / 558 / 63;Odchozí platba;PYORD0000022927 JUTTY GROUP S.R.O. TOVARNI 3038/7APREROV I - MESTO ICO:25849620PLAKATY
12. 11. 2020;-5 687,00 CZK;20200630 / 558 / 63;Odchozí platba;PYORD0000022929 JUTTY GROUP S.R.O. TOVARNI 3038/7APREROV I - MESTO ICO:25849620PLAKATY
12. 11. 2020;-6 655,00 CZK;20200633 / 558 / 66;Odchozí platba;PYORD0000022932 JUTTY GROUP S.R.O. TOVARNI 3038/7APREROV I - MESTO ICO:25849620PLAKATY
12. 11. 2020;-7 783,00 CZK;20200642 / 558 / 63;Odchozí platba;PYORD0000022938 JUTTY GROUP S.R.O. TOVARNI 3038/7APREROV I - MESTO ICO:25849620PLAKATY
12. 11. 2020;-7 623,00 CZK;20200653 / 558 / 63;Odchozí platba;PYORD0000023124 JUTTY GROUP S.R.O. TOVARNI 3038/7APREROV I - MESTO ICO:25849620PLAKATY
12. 11. 2020;-1 210,00 CZK;20200652 / 558 / 63;Odchozí platba;PYORD0000023228 JUTTY GROUP S.R.O. TOVARNI 3038/7APREROV I - MESTO ICO:25849620PLAKATY
12. 11. 2020;-6 534,00 CZK;20200650 / 558 / 63;Odchozí platba;PYORD0000023227 JUTTY GROUP S.R.O. TOVARNI 3038/7APREROV I - MESTO ICO:25849620BANERY
12. 11. 2020;-4 200,00 CZK;20200629 / 558 / 66;Odchozí platba;PYORD0000022928 JUTTY GROUP S.R.O. TOVARNI 3038/7APREROV I - MESTO ICO:25849620PLAKATY
12. 11. 2020;-2 783,00 CZK;20200636 / 558 / 63;Odchozí platba;PYORD0000022934 JUTTY GROUP S.R.O. TOVARNI 3038/7APREROV I - MESTO ICO:25849620PLAKATY
12. 11. 2020;-9 680,00 CZK;20200631 / 558 / 63;Odchozí platba;PYORD0000022930 JUTTY GROUP S.R.O. TOVARNI 3038/7APREROV I - MESTO ICO:25849620PLAKATY
12. 11. 2020;-11 550,00 CZK;1342020 / 558 / 6;Odchozí platba;PYORD0000022997 JAN DLOUHY K DOLUM 200/13PRAHA 4 ICO:18846700REKLAMNI PLOCHY
12. 11. 2020;-2 000,00 CZK;10490 / 558 / 6;Odchozí platba;PYORD0000023150 MILAN RYCHTARIK U STADIONU 2532LOUNY DAT.NAR.:28.06.1972PRONAJEM PLOCH
12. 11. 2020;-7 188,00 CZK;20200647 / 558 / 63;Odchozí platba;PYORD0000023123 JUTTY GROUP S.R.O. TOVARNI 3038/7APREROV I - MESTO ICO:25849620TISK PLAKATU
12. 11. 2020;-7 759,00 CZK;20200651 / 558 / 63;Odchozí platba;PYORD0000023212 JUTTY GROUP S.R.O. TOVARNI 3038/7APREROV I - MESTO ICO:25849620PLAKATY
12. 11. 2020;-292 850,00 CZK;20200322 / 558 / 63;Odchozí platba;PYORD0000023490 A.R.T. 247 S. R. O. DR. SKALAKA 7PREROV I - MESTO ICO:25838652REKLAMNI PLOCHY + TISK
12. 11. 2020;-21 000,00 CZK;6370017008 / 558 / 42;Odchozí platba;PYORD0000023618 IMOBA, A.S. PYSELSKA 2327/2PRAHA 4 ICO:26124459GRAFICKE PRACE
12. 11. 2020;-1 557,00 CZK;10114355 / 558 / 15;Odchozí platba;PYORD0000022987 RENGL, S.R.O. ZAKOPNICKA 354/11LIBEREC 14 - RUPREICO:25420160REKLAMNI PLOCHY
12. 11. 2020;-2 420,00 CZK;20200646 / 558 / 66;Odchozí platba;PYORD0000023226 JUTTY GROUP S.R.O. TOVARNI 3038/7APREROV I - MESTO ICO:25849620PLACHTA
12. 11. 2020;-2 120,00 CZK;7900001889 / 558 / 60;Odchozí platba;PYORD0000023324 AGROTEC A.S. BRNENSKA 74HUSTOPECE ICO:00544957TISK PLAKATU
12. 11. 2020;-29 342,50 CZK;7900001888 / 558 / 60;Odchozí platba;PYORD0000023387 AGROTEC A.S. BRNENSKA 74HUSTOPECE ICO:00544957VYROBA POLEPU NA BUSY
12. 11. 2020;-750,00 CZK;10896 / 558 / 69;Odchozí platba;PYORD0000023615 ANNA MALISOVA NOSOVICE 189NOSOVICE DAT.NAR.:27.07.1955REKLAMNI PLOCHY
12. 11. 2020;-4 840,00 CZK;20200632 / 558 / 66;Odchozí platba;PYORD0000022931 JUTTY GROUP S.R.O. TOVARNI 3038/7APREROV I - MESTO ICO:25849620PLACHTA
12. 11. 2020;-48 400,00 CZK;20200314 / 558 / 54;Odchozí platba;PYORD0000023210 NESON, S.R.O. JAROSOVA 1241/7ZNOJMO ICO:00351385CLANEK V NOVINACH
12. 11. 2020;-3 125,00 CZK;20011394 / 558 / 12;Odchozí platba;PYORD0000022942 RAIN TISKARNA S.R.O. OTIN 251JINDRICHUV HRADEC ICO:25166832BROZURY
12. 11. 2020;-1 452,00 CZK;2059040221 / 558 / 63;Odchozí platba;PYORD0000023208 TECHNICKE SLUZBY MESTA PREROVA, NA HRAZI 3165/17PREROV I-MESTO ICO:27841090
12. 11. 2020;-12 000,00 CZK;66201041 / 558 / 42;Odchozí platba;PYORD0000022722 MONATOUR A.S. NA HRADBACH 127KOLIN I ICO:24755087REKLAMNI PLOCHY
12. 11. 2020;-4 235,00 CZK;20200638 / 558 / 63;Odchozí platba;PYORD0000022936 JUTTY GROUP S.R.O. TOVARNI 3038/7APREROV I - MESTO ICO:25849620PLAKATY
12. 11. 2020;-27 368,69 CZK;20011397 / 558 / 12;Odchozí platba;PYORD0000022943 RAIN TISKARNA S.R.O. OTIN 251JINDRICHUV HRADEC ICO:25166832BROZURY
12. 11. 2020;-700,00 CZK;6370017007 / 558 / 6;Odchozí platba;PYORD0000023616 IMOBA, A.S. PYSELSKA 2327/2PRAHA 4 ICO:26124459GRAFICKE PRACE
12. 11. 2020;-700,00 CZK;6370017010 / 558 / 72;Odchozí platba;PYORD0000023621 IMOBA, A.S. PYSELSKA 2327/2PRAHA 4 ICO:26124459GRAFICKE PRACE
12. 11. 2020;-7 700,00 CZK;6370017008 / 558 / 30;Odchozí platba;PYORD0000023619 IMOBA, A.S. PYSELSKA 2327/2PRAHA 4 ICO:26124459GRAFICKE PRACE
12. 11. 2020;-8 409,00 CZK;20200637 / 558 / 66;Odchozí platba;PYORD0000022935 JUTTY GROUP S.R.O. TOVARNI 3038/7APREROV I - MESTO ICO:25849620PLACHTY
12. 11. 2020;-69 290,00 CZK;2020068 / 558 / 75;Odchozí platba;PYORD0000022999 PIKONE S.R.O. HORNICKA 652ALBRECHTICE ICO:05798281SPOTY, VIDEA
12. 11. 2020;-270 202,69 CZK;2020026 / 558 / 54;Odchozí platba;PYORD0000023393 3 PICTURES SPOL. S R.O. NOVE SADY 988/2BRNO ICO:27192628VOLEBNI KAMPAN
12. 11. 2020;-370 109,00 CZK;20200323 / 558 / 66;Odchozí platba;PYORD0000023491 A.R.T. 247 S. R. O. DR. SKALAKA 7PREROV I - MESTO ICO:25838652REKLAMNI PLOCHY + TISK
12. 11. 2020;-750,00 CZK;10893 / 558 / 69;Odchozí platba;PYORD0000023613 JAROSLAV JEZ SEDLISTE 286SEDLISTE DAT.NAR.:28.05.1967REKLAMNI PLOCHY
12. 11. 2020;-1 857,00 CZK;2020055 / 558 / 69;Odchozí platba;PYORD0000023611 JAN TABASEK MARIANSKOHORSKA 19OSTRAVA ICO:06613675NALEPKY NA PROPAGACNI P
12. 11. 2020;-700,01 CZK;6370017007 / 558 / 33;Odchozí platba;PYORD0000023617 IMOBA, A.S. PYSELSKA 2327/2PRAHA 4 ICO:26124459GRAFICKE PRACE
12. 11. 2020;-24 926,00 CZK;20124 / 558 / 66;Odchozí platba;PYORD0000022940 INTERTRADE MORAVIA S. R. O. NA ZAKOPE 587/2OLOMOUC ICO:62362828PRONAJEM REKLAMNICH PLO
12. 11. 2020;-5 800,00 CZK;1332020 / 558 / 33;Odchozí platba;PYORD0000022996 JAN DLOUHY K DOLUM 200/13PRAHA 4 ICO:18846700VYLEP PLAKATU
12. 11. 2020;-140 965,00 CZK;2020070 / 558 / 75;Odchozí platba;PYORD0000023001 PIKONE S.R.O. HORNICKA 652ALBRECHTICE ICO:05798281LETAKY,BANNERY, POLEPY
12. 11. 2020;-2 783,00 CZK;20200644 / 558 / 66;Odchozí platba;PYORD0000023225 JUTTY GROUP S.R.O. TOVARNI 3038/7APREROV I - MESTO ICO:25849620PLAKATY
12. 11. 2020;-750,00 CZK;10895 / 558 / 69;Odchozí platba;PYORD0000023614 RADOMIR TABASEK KRIZIKOVA 2OSTRAVA DAT.NAR.:22.12.1943REKLAMNI PLOCHY
12. 11. 2020;-20 100,00 CZK;2020069 / 558 / 75;Odchozí platba;PYORD0000023000 PIKONE S.R.O. HORNICKA 652ALBRECHTICE ICO:05798281BANNRY
12. 11. 2020;-42 994,93 CZK;200100640 / 558 / 66;Odchozí platba;PYORD0000023209 KARTOTISK S.R.O. ZEROTINOVA 2075/48SUMPERK ICO:26787024TISK LETAKU
12. 11. 2020;-15 020,94 CZK;20510891 / 558 / 6;Odchozí platba;PYORD0000023243 USTECKE TISKARNY, S.R.O. HORNICKA 2460/26USTI NAD LABEM ICO:25451553TISK LETAKU
12. 11. 2020;-6 557,97 CZK;20502966 / 558 / 6;Odchozí platba;PYORD0000023610 EUROPLAKAT SPOL. S R. O. KRIZIKOVA 148/34PRAHA 8, KARLIN ICO:40614832PRONAJEM PLOCH
12. 11. 2020;-4 658,00 CZK;20200640 / 558 / 66;Odchozí platba;PYORD0000022937 JUTTY GROUP S.R.O. TOVARNI 3038/7APREROV I - MESTO ICO:25849620PLACHTA
12. 11. 2020;-5 733,00 CZK;20200643 / 558 / 63;Odchozí platba;PYORD0000023211 JUTTY GROUP S.R.O. TOVARNI 3038/7APREROV I - MESTO ICO:25849620TISK LETAKU
12. 11. 2020;-12 598,52 CZK;20510878 / 558 / 33;Odchozí platba;PYORD0000023289 USTECKE TISKARNY, S.R.O. HORNICKA 2460/26USTI NAD LABEM ICO:25451553LETAKY
12. 11. 2020;-5 240,00 CZK;1052020 / 558 / 45;Odchozí platba;PYORD0000023395 JAN DLOUHY K DOLUM 200/13PRAHA 4 ICO:18846700VYLEP A TISK PLAKATU
12. 11. 2020;-18 136,00 CZK;2021102 / 558 / 45;Odchozí platba;PYORD0000022998 INPUBLIC GROUP S.R.O. MECISLAVOVA 164/7PRAHA 4 - NUSLE ICO:24852317REKLAMA NA LED OBRAZOVK
12. 11. 2020;-4 991,00 CZK;7900001890 / 558 / 60;Odchozí platba;PYORD0000023388 AGROTEC A.S. BRNENSKA 74HUSTOPECE ICO:00544957LETAKY
12. 11. 2020;-56 827,65 CZK;49000475 / 558 / 39;Odchozí platba;PYORD0000023401 UNIPRINT, S.R.O. ZBUZANY 1584RYCHNOV NAD KNEZNOU ICO:47451025TISK BROZUR
12. 11. 2020;-750,00 CZK;10894 / 558 / 69;Odchozí platba;PYORD0000023612 TJ SOKOL LISKOVEC Z.S. SLUNECNA 287FRYDEK-MISTEK ICO:60045833REKLAMNI PLOCHY
12. 11. 2020;-2 800,00 CZK;6370017010 / 558 / 75;Odchozí platba;PYORD0000023620 IMOBA, A.S. PYSELSKA 2327/2PRAHA 4 ICO:26124459GRAFICKE PRACE
11. 11. 2020;-12 318,77 CZK;2017021378 / 558 / 45;Odchozí platba;PYORD0000023574 VLTAVA LABE MEDIA A.S. U TREZORKY 921/2PRAHA 5 - JINONICE ICO:01440578INZERCE V NOVINACH
11. 11. 2020;-6 950,00 CZK;20200010 / 558 / 45;Odchozí platba;PYORD0000023576 VERONIKA KNOURKOVA PALACKEHO 570OPOCNO ICO:01394975SADA FOTEK DO SENATU
11. 11. 2020;-16 940,00 CZK;20202 / 558 / 66;Odchozí platba;PYORD0000022723 VLADIMIR PRASIL NA PRIHONU 60/4OLOMOUC - DROZDIN ICO:11533684ZAJISTENI HELIA
11. 11. 2020;-1 724,91 CZK;5117276414 / 558 / 63;Odchozí platba;PYORD0000023564 CESKA POSTA, S.P. POLITICKYCH VEZNU 909/4PRAHA 1 ICO:47114983DISTRIBUCE LETAKU
11. 11. 2020;-64 856,00 CZK;7900001909 / 558 / 66;Odchozí platba;PYORD0000023565 AGROTEC A.S. BRNENSKA 74HUSTOPECE ICO:00544957PRONAJEM VOZIDEL
11. 11. 2020;-194 811,50 CZK;2020104 / 558 / 63;Odchozí platba;PYORD0000023575 KRAJ PRO ZIVOT S.R.O. 8.KVETNA 971/59SUMPERK ICO:02671522INZERCE V NOVINACH
11. 11. 2020;-6 655,00 CZK;220168 / 558 / 63;Odchozí platba;PYORD0000023567 JC DESIGN PRODUCTION S.R.O. NA HRAZI 3225/13APREROV ICO:28593367POLEP VOZU VC.ODSTRANEN
11. 11. 2020;-12 100,00 CZK;20154 / 558 / 66;Odchozí platba;PYORD0000023572 INTERTRADE MORAVIA S. R. O. NA ZAKOPE 587/2OLOMOUC ICO:62362828PRONAJEM REKLAMNICH PLO
11. 11. 2020;-6 558,20 CZK;20502964 / 558 / 33;Odchozí platba;PYORD0000023571 EUROPLAKAT SPOL. S R. O. KRIZIKOVA 148/34PRAHA 8, KARLIN ICO:40614832PRONAJEM REKLAMNICH PLO
10. 11. 2020;-22 808,50 CZK;4202007936 / 558 / 63;Odchozí platba;PYORD0000023495 BIGMEDIA, SPOL. S R.O. NA STRZI 2097/63PRAHA 4 ICO:26479451REKLAMNI PLOCHY
10. 11. 2020;-1 230,00 CZK;20200098 / 558 / 63;Odchozí platba;PYORD0000023501 MESTSKA KULTURNI ZARIZENI HRANICE, MASARYKOVO NAMESTI 71HRANICE ICO:71294686VYLEP PLAKATU
10. 11. 2020;-4 326,00 CZK;200100591 / 558 / 66;Odchozí platba;PYORD0000023493 KARTOTISK S.R.O. ZEROTINOVA 2075/48SUMPERK ICO:26787024LETAKY
10. 11. 2020;-194 811,50 CZK;2020105 / 558 / 66;Odchozí platba;PYORD0000023504 KRAJ PRO ZIVOT S.R.O. 8.KVETNA 971/59SUMPERK ICO:02671522INZERCE
10. 11. 2020;-30 976,00 CZK;20230276 / 558 / 3;Odchozí platba;PYORD0000023499 W & P EURONOVA S.R.O. NADRAZNI 2744/14PLZEN ICO:40526526GRAFICKE PRACE
10. 11. 2020;1 000 000,00 CZK;9 / 558 / 0;ANO 2011;Příchozí platba;prevod financi HKH na volebni ucet senatnich voleb 2020
9. 11. 2020;-62 907,00 CZK;3010000007 / 558 / 39;Odchozí platba;PYORD0000023470 DARINA KRICNAROVA LHOTA POD HORICKAMI 32LHOTA POD HORDAT.NAR.:04.03.1974VYUCTOVANI KRICN
9. 11. 2020;-14 000,00 CZK;3010000006 / 558 / 42;Odchozí platba;PYORD0000023471 ROMANA FISCHEROVA KOMENSKEHO 8LYSA NAD LABEM DAT.NAR.:18.03.1969VYUCTOVANI FISCH
9. 11. 2020;-5 200,00 CZK;20010033 / 558 / 33;Odchozí platba;PYORD0000022939 TOMAS SARNOVSKY VELKA DOMINIKANSKA 264/26LITOMERICEICO:63138131GRAFICKE PRACE
9. 11. 2020;-2 080,27 CZK;3010000008 / 558 / 3;Odchozí platba;PYORD0000023472 VOJTECH MATOUSEK ZIZKOVA 348/27FRANTISKOVY LAZNE DAT.NAR.:770926/2196VYUCTOVANI MATO
9. 11. 2020;-8 500,00 CZK;20010035 / 558 / 6;Odchozí platba;PYORD0000022759 TOMAS SARNOVSKY VELKA DOMINIKANSKA 264/26LITOMERICEICO:63138131GRAFICKE PRACE
6. 11. 2020;-300,00 CZK;10495 / 558 / 30;Odchozí platba;PYORD0000023213 VLADKA EVANOVA DRUZECKA 238ZILINA DAT.NAR.:27.05.1964REKLAMNI PLOCHY
6. 11. 2020;-6 000,00 CZK;10391 / 558 / 51;Odchozí platba;PYORD0000022502 LUBOS ZAJICEK LEANDRA CECHA 552NOVE MESTO NA MORAICO:70403261REKLAMNI PLOCHY
6. 11. 2020;-34 898,00 CZK;2020062 / 558 / 75;Odchozí platba;PYORD0000022767 PIKONE S.R.O. HORNICKA 652ALBRECHTICE ICO:05798281INZRECE V DENIKU MF DNE
6. 11. 2020;-500,00 CZK;10493 / 558 / 30;Odchozí platba;PYORD0000023152 VAN DU NGUYEN KLADENSKA 46VELKE PRILEPY ICO:67945511REKLAMNI PLOCHY
6. 11. 2020;-500,00 CZK;332020 / 558 / 6;Odchozí platba;PYORD0000023437 VLASTIMIL ROFLIK TOPOLOVA 2890LOUNY ICO:67644350VIDEA
6. 11. 2020;-500,00 CZK;10546 / 558 / 30;Odchozí platba;PYORD0000023438 PASSAU AUTO S.R.O. ZELENA 1605/10PRAHA 6 ICO:08644799REKLAMNI PLOCHY
6. 11. 2020;-2 631,24 CZK;12206261 / 558 / 33;Odchozí platba;PYORD0000023431 CESKA DISTRIBUCNI A.S. NA ROVINCE 879OSTRAVA - HRABOVA ICO:26791692ROZNOS - ZRUSENI OBJEDN
6. 11. 2020;-6 071,78 CZK;2020061 / 558 / 75;Odchozí platba;PYORD0000022820 PIKONE S.R.O. HORNICKA 652ALBRECHTICE ICO:05798281INZERCE
6. 11. 2020;-10 285,00 CZK;2020063 / 558 / 75;Odchozí platba;PYORD0000022768 PIKONE S.R.O. HORNICKA 652ALBRECHTICE ICO:05798281ROZVOZ LETAKU DO DOMACN
6. 11. 2020;-1 000,00 CZK;110026 / 558 / 63;Odchozí platba;PYORD0000022762 KULTURNI.A INFORMACNI SLUZBY NAM. T. G. MASARYKA 150/8PREROV ICO:45180512PRONAJEM MOBILIARE
6. 11. 2020;-28 967,00 CZK;2120022346 / 558 / 6;Odchozí platba;PYORD0000022845 MAFRA, A.S. KARLA ENGLISE 519/11PRAHA 5 ICO:45313351INZERCE
6. 11. 2020;-500,00 CZK;10496 / 558 / 30;Odchozí platba;PYORD0000023157 IVAN STIPEK PRICNI 474VELKA DOBRA DAT.NAR.:25.10.1962REKLAMNI PLOCHY
6. 11. 2020;-22 709,00 CZK;2120022348 / 558 / 33;Odchozí platba;PYORD0000022803 MAFRA, A.S. KARLA ENGLISE 519/11PRAHA 5 ICO:45313351INZERCE
6. 11. 2020;-34 615,68 CZK;2017020787 / 558 / 45;Odchozí platba;PYORD0000023436 VLTAVA LABE MEDIA A.S. U TREZORKY 921/2PRAHA 5 - JINONICE ICO:01440578INZERCE V NOVINACH
6. 11. 2020;-500,00 CZK;10338 / 558 / 30;Odchozí platba;PYORD0000022499 DANIEL VIDUNA AKATOVA 362BROSKOV DAT.NAR.:12.03.1984REKLAMNI PLOCHY
6. 11. 2020;-1 000,00 CZK;10337 / 558 / 30;Odchozí platba;PYORD0000022498 ZDENEK VOJTA VRCHLICKEHO 1622KLADNO DAT.NAR.:30.01.1963REKLAMNI PLOCHY
6. 11. 2020;-7 085,28 CZK;2020067 / 558 / 75;Odchozí platba;PYORD0000022770 PIKONE S.R.O. HORNICKA 652ALBRECHTICE ICO:05798281PRONAJEM REKLAMNICH PLO
6. 11. 2020;-7 865,00 CZK;2020064 / 558 / 75;Odchozí platba;PYORD0000022769 PIKONE S.R.O. HORNICKA 652ALBRECHTICE ICO:05798281TISTENA INZERCE
6. 11. 2020;-1 210,00 CZK;2020066 / 558 / 75;Odchozí platba;PYORD0000022822 PIKONE S.R.O. HORNICKA 652ALBRECHTICE ICO:05798281REKLAMNI PERNICKY
6. 11. 2020;-1 000,00 CZK;10491 / 558 / 30;Odchozí platba;PYORD0000023154 EMIL EGRT KARLOVARSKA 15STOCHOV DAT.NAR.:24.08.1992REKLAMNI PLOCHY
6. 11. 2020;-200,00 CZK;10786 / 558 / 72;Odchozí platba;PYORD0000023250 ELISKA MITRENGOVA K HUBERTA 1HAT DAT.NAR.:17.01.1942REKLAMNI PLOCHY
6. 11. 2020;-3 027,14 CZK;12206262 / 558 / 6;Odchozí platba;PYORD0000023432 CESKA DISTRIBUCNI A.S. NA ROVINCE 879OSTRAVA - HRABOVA ICO:26791692ROZNOS - ZRUSENI OBJEDN
6. 11. 2020;-5 382,82 CZK;12206266 / 558 / 15;Odchozí platba;PYORD0000023433 CESKA DISTRIBUCNI A.S. NA ROVINCE 879OSTRAVA - HRABOVA ICO:26791692ROZNOS - ZRUSENI OBJEDN
6. 11. 2020;-500,00 CZK;10340 / 558 / 30;Odchozí platba;PYORD0000022500 LADISLAV MALY K HAJI 391BRASKOV -VALDEK DAT.NAR.:31.07.1947REKLAMNI PLOCHY
6. 11. 2020;-300,00 CZK;10492 / 558 / 30;Odchozí platba;PYORD0000023155 ZDENEK FOLPRECHT KARLOVARSKA 594TUCHLOVICE DAT.NAR.:20.11.1962REKLAMNI PLOCHY
6. 11. 2020;-300,00 CZK;10494 / 558 / 30;Odchozí platba;PYORD0000023156 MIROSLAV MORAVEC KRIVOKLAT 17KRIVOKLAT DAT.NAR.:08.03.1987REKLAMNI PLOCHY
6. 11. 2020;-19 844,00 CZK;7900001910 / 558 / 15;Odchozí platba;PYORD0000023430 AGROTEC A.S. BRNENSKA 74HUSTOPECE ICO:00544957PRONAJEM VOZIDLA
6. 11. 2020;-69 849,67 CZK;59000345 / 558 / 45;Odchozí platba;PYORD0000023435 UNIPRINT, S.R.O. ZBUZANY 1584RYCHNOV NAD KNEZNOU ICO:47451025VOLEBNI NOVINY
6. 11. 2020;-500,00 CZK;10671 / 558 / 60;Odchozí platba;PYORD0000023151 VLADIMIR TURCAN PAZDERNA 12/21VYSKOV DAT.NAR.:07.07.1967PRONAJEM PLOCH
6. 11. 2020;-1 000,00 CZK;10339 / 558 / 30;Odchozí platba;PYORD0000023153 JANA VOJTOVA ANT.DVORAKA 786KLADNO DAT.NAR.:07.09.1941REKLAMNI PLOCHY
6. 11. 2020;-47 916,00 CZK;2020065 / 558 / 75;Odchozí platba;PYORD0000022821 PIKONE S.R.O. HORNICKA 652ALBRECHTICE ICO:05798281REKLAMNI PLOCHY V AUTOB
6. 11. 2020;-500,00 CZK;10550 / 558 / 30;Odchozí platba;PYORD0000023439 HANA HEROVA SUCHDOLSKA 141HOROMERICE DAT.NAR.:02.05.1955PRONAJEM PLOCH
6. 11. 2020;-1 500,00 CZK;10393 / 558 / 30;Odchozí platba;PYORD0000022545 LENKA BRUCKNEROVA VODARENSKA 1913KLADNO DAT.NAR.:18.01.1996PRONAJEM PLOCH
6. 11. 2020;-500,00 CZK;10497 / 558 / 30;Odchozí platba;PYORD0000023158 VRATISLAV MATOUSEK V POUSTKACH 7TURSKO DAT.NAR.:29.11.1958REKLAMNI PLOCHY
5. 11. 2020;-2 819,30 CZK;202000176 / 558 / 69;Odchozí platba;PYORD0000022496 MARVIO AGENCY S.R.O. 28.RIJNA 770/6OSTRAVA 2 ICO:03835901TISK LETAKU
5. 11. 2020;-2 057,00 CZK;202000185 / 558 / 72;Odchozí platba;PYORD0000022659 MARVIO AGENCY S.R.O. 28.RIJNA 770/6OSTRAVA 2 ICO:03835901LETAKY
5. 11. 2020;-7 163,00 CZK;200090 / 558 / 15;Odchozí platba;PYORD0000022819 PELMARK S. R. O. DOLNOKUBINSKA 1671PELHRIMOV ICO:06304834INZERCE
5. 11. 2020;-4 247,10 CZK;7900001860 / 558 / 57;Odchozí platba;PYORD0000023302 AGROTEC A.S. BRNENSKA 74HUSTOPECE ICO:00544957VOLEBNI NOVINY
5. 11. 2020;-5 227,20 CZK;7900001863 / 558 / 54;Odchozí platba;PYORD0000023386 AGROTEC A.S. BRNENSKA 74HUSTOPECE ICO:00544957VOLEBNI NOVINY
5. 11. 2020;-7 502,00 CZK;20010659 / 558 / 57;Odchozí platba;PYORD0000022700 JKKA TISK S.R.O. BRNENSKA 414/19VYSKOV ICO:29301556LETAK A5
4. 11. 2020;-5 669,00 CZK;10114178 / 558 / 66;Odchozí platba;PYORD0000022926 RENGL, S.R.O. ZAKOPNICKA 354/11LIBEREC 14 - RUPREICO:25420160REKLAMNI PLOCHY
4. 11. 2020;-41 382,00 CZK;4202008016 / 558 / 15;Odchozí platba;PYORD0000023389 BIGMEDIA, SPOL. S R.O. NA STRZI 2097/63PRAHA 4 ICO:26479451PRONAJEM REKL. PANELU
4. 11. 2020;-80 876,00 CZK;7900012931 / 558 / 51;Odchozí platba;PYORD0000023121 MAFRA, A.S. KARLA ENGLISE 519/11PRAHA 5 ICO:45313351INZERCE V NOVINACH
4. 11. 2020;-65 158,00 CZK;7900012930 / 558 / 51;Odchozí platba;PYORD0000022980 MAFRA, A.S. KARLA ENGLISE 519/11PRAHA 5 ICO:45313351TISK NOVIN
4. 11. 2020;-27 899,00 CZK;2020095 / 558 / 57;Odchozí platba;PYORD0000023397 PRODESIGN 2000 S.R.O. JIZDARENSKA 590/2AVYSKOV ICO:26241617PLACHTY A POLEPY NA MDH
4. 11. 2020;-10 000,00 CZK;20200011 / 558 / 39;Odchozí platba;PYORD0000023214 KRISTYNA LESAKOVA NACHODSKA272DOLNI RADECHOVA ICO:09291954VIDEA
3. 11. 2020;-111 554,74 CZK;20230267 / 558 / 3;Odchozí platba;PYORD0000023346 W & P EURONOVA S.R.O. NADRAZNI 2744/14PLZEN ICO:40526526LETAKY
3. 11. 2020;-12 000,00 CZK;20206004 / 558 / 57;Odchozí platba;PYORD0000023355 MGR. IVO ZAVADIL PUSKINOVA 420/2AVYSKOV - NOSALOVICEICO:62125931REKLAMNI PLOCHY
3. 11. 2020;-1 500,00 CZK;2202000249 / 558 / 60;Odchozí platba;PYORD0000023349 KOTOLAN SERVIS S.R.O. NA VYHLIDCE 924BUCOVICE ICO:29273226POLEP AUTA - INSTALACE
3. 11. 2020;-9 922,00 CZK;20200803 / 558 / 6;Odchozí platba;PYORD0000023345 RAPORT S.R.O. OTTOVA 418RAKOVNIK ICO:47551615INZERCE V NOVINACH
3. 11. 2020;-30 663,97 CZK;2017022242 / 558 / 33;Odchozí platba;PYORD0000023352 VLTAVA LABE MEDIA A.S. U TREZORKY 921/2PRAHA 5 - JINONICE ICO:01440578INZERCE
3. 11. 2020;-31 579,79 CZK;20230277 / 558 / 3;Odchozí platba;PYORD0000023348 W & P EURONOVA S.R.O. NADRAZNI 2744/14PLZEN ICO:40526526PLAKATY, BANNERY, KALEN
3. 11. 2020;-9 075,00 CZK;520 / 558 / 30;Odchozí platba;PYORD0000023356 MEDIADISPLAY S.R.O. ORESSKA 241/32PRAHA 5 ICO:08378983PR PORADENSKA SLUZBA
3. 11. 2020;-90 717,35 CZK;2017022416 / 558 / 39;Odchozí platba;PYORD0000023353 VLTAVA LABE MEDIA A.S. U TREZORKY 921/2PRAHA 5 - JINONICE ICO:01440578INZERCE V NOVINACH
3. 11. 2020;-93 229,29 CZK;20230275 / 558 / 3;Odchozí platba;PYORD0000023347 W & P EURONOVA S.R.O. NADRAZNI 2744/14PLZEN ICO:40526526KAMPAN
3. 11. 2020;-2 517,00 CZK;5120 / 558 / 42;Odchozí platba;PYORD0000023354 DCODE CREATIVE S.R.O. ZALUSKE 97/43PRAHA 5 - JINONICE ICO:29139007REKLAMA NA FCB
3. 11. 2020;-5 068,69 CZK;20011232 / 558 / 12;Odchozí platba;PYORD0000023350 RAIN TISKARNA S.R.O. OTIN 251JINDRICHUV HRADEC ICO:25166832TISK PLAKATU
3. 11. 2020;-5 443,79 CZK;20011259 / 558 / 12;Odchozí platba;PYORD0000023351 RAIN TISKARNA S.R.O. OTIN 251JINDRICHUV HRADEC ICO:25166832TISK KALENDARIKU VOLBY
2. 11. 2020;-500,00 CZK;10715 / 558 / 57;Odchozí platba;PYORD0000023230 AGENTURA SMICHU A ZABAVY S.R.O. ZAHUMENI 61BUCOVICE ICO:24151807REKLAMNI PLOCHY
30. 10. 2020;-1 815,00 CZK;20200551 / 558 / 30;Odchozí platba;PYORD0000022642 NBBA, SPOL. S R.O. SASKOVA 1625KLADNO ICO:16978536PRONAJEM REKL.PLOCH,VYL
30. 10. 2020;-20 000,00 CZK;2020058 / 558 / 75;Odchozí platba;PYORD0000022658 PIKONE S.R.O. HORNICKA 652ALBRECHTICE ICO:05798281PORADENSKA CINNOST, REK
29. 10. 2020;-50 407,00 CZK;1 / 558 / 6;Odchozí platba;PYORD0000023311 MGR. MILAN RYCHTARIK U STADIONU 2532LOUNY ICO:03946631REKLAMA NA FB
29. 10. 2020;-4 370,52 CZK;59000342 / 558 / 39;Odchozí platba;PYORD0000022689 UNIPRINT, S.R.O. ZBUZANY 1584RYCHNOV NAD KNEZNOU ICO:47451025PLAKATY
29. 10. 2020;-7 084,55 CZK;2020491 / 558 / 45;Odchozí platba;PYORD0000023317 KARO REKLAMA S.R.O. VANCUROVO NAMESTI 309/11HRADEC KRALICO:25270524SAMOLEPKY NA AUTA
29. 10. 2020;-18 000,00 CZK;200020 / 558 / 33;Odchozí platba;PYORD0000022692 VEDUM Z.S. RIEGROVA 909/5DECIN ICO:04680235VIDEA
29. 10. 2020;-7 139,00 CZK;41620 / 558 / 12;Odchozí platba;PYORD0000022656 MARTIN LOPATA SADOVA 1434PISEK - BUDEJOVICKE PREDICO:63297906INZERCE
29. 10. 2020;-17 206,96 CZK;1051859 / 558 / 12;Odchozí platba;PYORD0000022815 INPRESS A.S. ZEROTINOVA 554CESKE BUDEJOVICE ICO:26020360DISTRIBUCE TISKOVIN
29. 10. 2020;-32 110,98 CZK;20510792 / 558 / 33;Odchozí platba;PYORD0000022649 USTECKE TISKARNY, S.R.O. HORNICKA 2460/26USTI NAD LABEM ICO:25451553VYROBA LETAKU
29. 10. 2020;-12 959,10 CZK;59000335 / 558 / 45;Odchozí platba;PYORD0000022654 UNIPRINT, S.R.O. ZBUZANY 1584RYCHNOV NAD KNEZNOU ICO:47451025VOLEBNI NOVINY
29. 10. 2020;-10 285,00 CZK;59000336 / 558 / 39;Odchozí platba;PYORD0000022655 UNIPRINT, S.R.O. ZBUZANY 1584RYCHNOV NAD KNEZNOU ICO:47451025NOVINY
29. 10. 2020;-4 114,00 CZK;20200156 / 558 / 69;Odchozí platba;PYORD0000022497 MARVIO AGENCY S.R.O. 28.RIJNA 770/6OSTRAVA 2 ICO:03835901TISK LETAKU
29. 10. 2020;-10 000,00 CZK;202010 / 558 / 45;Odchozí platba;PYORD0000023004 KRISTYNA LESAKOVA NACHODSKA272DOLNI RADECHOVA ICO:09291954VIDEA
27. 10. 2020;-27 659,00 CZK;200100019 / 558 / 3;Odchozí platba;PYORD0000023337 BREZI VLK S.R.O. KOLLAROVA 643/46MARIANSKE LAZNE ICO:05509173OBCERSTVENI
27. 10. 2020;-8 012,92 CZK;7900001814 / 558 / 15;Odchozí platba;PYORD0000023336 AGROTEC A.S. BRNENSKA 74HUSTOPECE ICO:00544957SPOTREBA PHM
26. 10. 2020;-25 000,00 CZK;2020051 / 558 / 69;Odchozí platba;PYORD0000023130 JAN TABASEK MARIANSKOHORSKA 19OSTRAVA ICO:06613675PORADENSTVI
26. 10. 2020;-56 991,00 CZK;20230274 / 558 / 42;Odchozí platba;PYORD0000023242 W & P EURONOVA S.R.O. NADRAZNI 2744/14PLZEN ICO:40526526TISK PLAKATU
23. 10. 2020;14,64 CZK;5190512554 / 306 / 0;CP, S.P. - JC1;Příchozí platba
23. 10. 2020;-21 954,24 CZK;2017022318 / 558 / 75;Odchozí platba;PYORD0000023246 VLTAVA LABE MEDIA A.S. U TREZORKY 921/2PRAHA 5 - JINONICE ICO:01440578INZERCE V NOVINACH
23. 10. 2020;-3 593,70 CZK;59000312 / 558 / 45;Odchozí platba;PYORD0000022652 UNIPRINT, S.R.O. ZBUZANY 1584RYCHNOV NAD KNEZNOU ICO:47451025LETAKY
23. 10. 2020;-65 848,20 CZK;2017022370 / 558 / 63;Odchozí platba;PYORD0000023291 VLTAVA LABE MEDIA A.S. U TREZORKY 921/2PRAHA 5 - JINONICE ICO:01440578INZERCE V NOVINACH
23. 10. 2020;-385,26 CZK;200102711 / 558 / 69;Odchozí platba;PYORD0000022540 KLEINWACHTER HOLDING S.R.O. CAJKOVSKEHO 1511FRYDEK- MISTEK ICO:05539528PLAKATY
23. 10. 2020;-36 300,00 CZK;20200276 / 558 / 54;Odchozí platba;PYORD0000022688 NESON, S.R.O. JAROSOVA 1241/7ZNOJMO ICO:00351385CLANEK V NOVINACH
23. 10. 2020;-3 593,70 CZK;59000313 / 558 / 39;Odchozí platba;PYORD0000022653 UNIPRINT, S.R.O. ZBUZANY 1584RYCHNOV NAD KNEZNOU ICO:47451025LETAKY
22. 10. 2020;29 873,16 CZK;420200433 / 0 / 0;ČESKÁ DISTRIBUČNÍ AS;Příchozí platba;.
22. 10. 2020;-12 251,25 CZK;2017022243 / 558 / 45;Odchozí platba;PYORD0000023245 VLTAVA LABE MEDIA A.S. U TREZORKY 921/2PRAHA 5 - JINONICE ICO:01440578ROZHOVOR HRADECKY DENIK
22. 10. 2020;-34 412,00 CZK;10113759 / 558 / 45;Odchozí platba;PYORD0000023122 RENGL, S.R.O. ZAKOPNICKA 354/11LIBEREC 14 - RUPREICO:25420160REKLAMNI PLOCHY
22. 10. 2020;-5 000,00 CZK;19 / 558 / 66;Odchozí platba;PYORD0000023293 JAROSLAV SPILKA POD SKALKOU 51/22PREROV ICO:73016047PRONAJEM SKLUZAVKY
21. 10. 2020;-95 875,56 CZK;2017022239 / 558 / 42;Odchozí platba;PYORD0000023080 VLTAVA LABE MEDIA A.S. U TREZORKY 921/2PRAHA 5 - JINONICE ICO:01440578INZERCE V DENIKU
21. 10. 2020;-325,00 CZK;2010000127 / 558 / 63;Odchozí platba;PYORD0000023288 DELNICKY DUM V ODRACH, KOPECNA 188/23ODRY ICO:68343957VYLEPY PLAKATU
20. 10. 2020;-14 731,00 CZK;20200028 / 558 / 39;Odchozí platba;PYORD0000023248 MAURICE RECORDS S.R.O. NA TREBESINE 2418/58PRAHA 10 - STRAICO:03181880REKLAMA NA FB
20. 10. 2020;-93 817,33 CZK;2017021053 / 558 / 39;Odchozí platba;PYORD0000023244 VLTAVA LABE MEDIA A.S. U TREZORKY 921/2PRAHA 5 - JINONICE ICO:01440578INZERCE V NOVINACH
20. 10. 2020;-450,00 CZK;7900012828 / 558 / 30;Odchozí platba;PYORD0000022714 MAFRA, A.S. KARLA ENGLISE 519/11PRAHA 5 ICO:45313351KRIZOVKA
20. 10. 2020;-130 765,91 CZK;20230259 / 558 / 3;Odchozí platba;PYORD0000023125 W & P EURONOVA S.R.O. NADRAZNI 2744/14PLZEN ICO:40526526VYROBA A ROZNOS LETAKU
20. 10. 2020;-54 249,00 CZK;20200048 / 558 / 12;Odchozí platba;PYORD0000023085 TWDC PRAGUE S.R.O. ZATAVSKE NABR. 315PISEK ICO:04148967FINALIZACE WEBU, GRAFIC
20. 10. 2020;-17 939,00 CZK;20200027 / 558 / 45;Odchozí platba;PYORD0000023247 MAURICE RECORDS S.R.O. NA TREBESINE 2418/58PRAHA 10 - STRAICO:03181880REKLAMA ON LINE
20. 10. 2020;-1 260,00 CZK;200022 / 558 / 33;Odchozí platba;PYORD0000023249 VEDUM Z.S. RIEGROVA 909/5DECIN ICO:04680235REKLAMA NA FB
19. 10. 2020;-9 075,00 CZK;120202430 / 558 / 15;Odchozí platba;PYORD0000023073 BIGMEDIA, SPOL. S R.O. NA STRZI 2097/63PRAHA 4 ICO:26479451PLAKATY
19. 10. 2020;-42 123,00 CZK;1051968 / 558 / 12;Odchozí platba;PYORD0000023129 INPRESS A.S. ZEROTINOVA 554CESKE BUDEJOVICE ICO:26020360TISK A DISTRIBUCE LETAK
19. 10. 2020;-5 000,00 CZK;1220 / 558 / 42;Odchozí platba;PYORD0000023229 JAKUB GALUSKA ZALUSKE 97/43PRAHA 5 - JINONICE ICO:49719688SPRAVA WEBU 08/2020
19. 10. 2020;-27 588,00 CZK;4202007487 / 558 / 15;Odchozí platba;PYORD0000022805 BIGMEDIA, SPOL. S R.O. NA STRZI 2097/63PRAHA 4 ICO:26479451PRONAJEM REKLAMNICH PLO
19. 10. 2020;-5 222,00 CZK;2020266 / 558 / 12;Odchozí platba;PYORD0000023074 JAN CURIN TABORSKA 1383PISEK - BUDEJOVICKE PRICO:68546831POLEP NA AUTO VYROBA
16. 10. 2020;-12 705,00 CZK;2017021807 / 558 / 63;Odchozí platba;PYORD0000023079 VLTAVA LABE MEDIA A.S. U TREZORKY 921/2PRAHA 5 - JINONICE ICO:01440578INZERCE V NOVINACH
16. 10. 2020;-3 000,00 CZK;2202000231 / 558 / 57;Odchozí platba;PYORD0000023075 KOTOLAN SERVIS S.R.O. NA VYHLIDCE 924BUCOVICE ICO:29273226POLEP AUTOMOBILU
16. 10. 2020;-31 000,00 CZK;2020101 / 558 / 42;Odchozí platba;PYORD0000023003 SOUKROMA ZDRAVOTNI SLUZBA PRAHA PREMYSLENSKA 383/53PRAHA 8 ICO:05993482PRONAJEM SANITKY
15. 10. 2020;-5 687,00 CZK;20200522 / 558 / 63;Odchozí platba;PYORD0000022848 JUTTY GROUP S.R.O. TOVARNI 3038/7APREROV I - MESTO ICO:25849620TISK PLAKATU
15. 10. 2020;-14 943,50 CZK;200100302 / 558 / 39;Odchozí platba;PYORD0000023127 TN MEDIA S.R.O. BRANICKA 213/53PRAHA 4 - BRANIK ICO:28847229INZERCE
15. 10. 2020;-8 470,00 CZK;20200520 / 558 / 63;Odchozí platba;PYORD0000022847 JUTTY GROUP S.R.O. TOVARNI 3038/7APREROV I - MESTO ICO:25849620PLAKATY
15. 10. 2020;-5 000,00 CZK;1320 / 558 / 42;Odchozí platba;PYORD0000023131 JAKUB GALUSKA ZALUSKE 97/43PRAHA 5 - JINONICE ICO:49719688SPRAVA WEBU 09/2020
15. 10. 2020;-303,00 CZK;20200524 / 558 / 63;Odchozí platba;PYORD0000022849 JUTTY GROUP S.R.O. TOVARNI 3038/7APREROV I - MESTO ICO:25849620PRELEPKY
15. 10. 2020;-1 863,74 CZK;2017021055 / 558 / 33;Odchozí platba;PYORD0000023126 VLTAVA LABE MEDIA A.S. U TREZORKY 921/2PRAHA 5 - JINONICE ICO:01440578INZERCE
15. 10. 2020;-11 035,20 CZK;200100341 / 558 / 39;Odchozí platba;PYORD0000023128 TN MEDIA S.R.O. BRANICKA 213/53PRAHA 4 - BRANIK ICO:28847229INZERCE
15. 10. 2020;-19 662,50 CZK;20200174 / 558 / 12;Odchozí platba;PYORD0000022544 RUDOLF PRAVDA ZAHRADNI 263MIROVICE ICO:60080396PROPAGACNI PREDMETY
15. 10. 2020;-15 000,37 CZK;2017021383 / 558 / 15;Odchozí platba;PYORD0000023078 VLTAVA LABE MEDIA A.S. U TREZORKY 921/2PRAHA 5 - JINONICE ICO:01440578ROZHOVOR V NOVINACH
15. 10. 2020;-21 659,00 CZK;20200525 / 558 / 63;Odchozí platba;PYORD0000022850 JUTTY GROUP S.R.O. TOVARNI 3038/7APREROV I - MESTO ICO:25849620PLACHTA VYROBA MONTAZ
15. 10. 2020;-5 000,00 CZK;202009002 / 558 / 72;Odchozí platba;PYORD0000022546 VALENTINA TEMELOVA U PARKU 1506/4KARVINA - FRYSTAT ICO:09139150VYTVORENI A SPRAVA WEBU
15. 10. 2020;-38 527,37 CZK;5190509157 / 558 / 51;Odchozí platba;PYORD0000023072 CESKA POSTA, S.P. POLITICKYCH VEZNU 909/4PRAHA 1 ICO:47114983ROZNOS LETAKU
14. 10. 2020;-3 047,99 CZK;20510731 / 558 / 6;Odchozí platba;PYORD0000022434 USTECKE TISKARNY, S.R.O. HORNICKA 2460/26USTI NAD LABEM ICO:25451553PLAKATY
14. 10. 2020;-6 260,82 CZK;1051961 / 558 / 15;Odchozí platba;PYORD0000023081 INPRESS A.S. ZEROTINOVA 554CESKE BUDEJOVICE ICO:26020360TISK A DISTRIBUCE BROZU
14. 10. 2020;-3 491,00 CZK;10113468 / 558 / 15;Odchozí platba;PYORD0000022806 RENGL, S.R.O. ZAKOPNICKA 354/11LIBEREC 14 - RUPREICO:25420160PRONAJEM REKLAMNICH PLO
14. 10. 2020;-10 211,00 CZK;10113467 / 558 / 51;Odchozí platba;PYORD0000022846 RENGL, S.R.O. ZAKOPNICKA 354/11LIBEREC 14 - RUPREICO:25420160REKLAMNI PLOCHY
14. 10. 2020;-10 769,00 CZK;2020391 / 558 / 75;Odchozí platba;PYORD0000022446 RADIM RUDZINSKI OKRUZNI 214/1AKRNOV ICO:65500989PLOSNA INZERCE
14. 10. 2020;-477,00 CZK;4520 / 558 / 42;Odchozí platba;PYORD0000023083 DCODE CREATIVE S.R.O. ZALUSKE 97/43PRAHA 5 - JINONICE ICO:29139007REKLAMA NA FB
14. 10. 2020;-12 310,62 CZK;1051962 / 558 / 12;Odchozí platba;PYORD0000023082 INPRESS A.S. ZEROTINOVA 554CESKE BUDEJOVICE ICO:26020360TISK A DISTRIBUCE BROZU
14. 10. 2020;-38 527,37 CZK;5190508215 / 558 / 51;Odchozí platba;PYORD0000023071 CESKA POSTA, S.P. POLITICKYCH VEZNU 909/4PRAHA 1 ICO:47114983ROZNOS NOVIN
14. 10. 2020;-1 738,00 CZK;10113471 / 558 / 63;Odchozí platba;PYORD0000022382 RENGL, S.R.O. ZAKOPNICKA 354/11LIBEREC 14 - RUPREICO:25420160TISK A VYLEP PLAKATU
14. 10. 2020;-9 545,69 CZK;20510729 / 558 / 6;Odchozí platba;PYORD0000022426 USTECKE TISKARNY, S.R.O. HORNICKA 2460/26USTI NAD LABEM ICO:25451553TISK LETAKU
14. 10. 2020;-1 513,00 CZK;4620 / 558 / 30;Odchozí platba;PYORD0000023084 DCODE CREATIVE S.R.O. ZALUSKE 97/43PRAHA 5 - JINONICE ICO:29139007REKLAMA NA FB
14. 10. 2020;-29 873,16 CZK;420200433 / 558 / 57;Odchozí platba;PYORD0000023113 CESKA DISTRIBUCNI A.S. NA ROVINCE 879OSTRAVA - HRABOVA ICO:26791692NEADRESNA DISTRIBUCE
14. 10. 2020;-17 961,00 CZK;10113470 / 558 / 33;Odchozí platba;PYORD0000022381 RENGL, S.R.O. ZAKOPNICKA 354/11LIBEREC 14 - RUPREICO:25420160TISK A VYLEP PLAKATU
14. 10. 2020;-17 479,00 CZK;10113469 / 558 / 6;Odchozí platba;PYORD0000022380 RENGL, S.R.O. ZAKOPNICKA 354/11LIBEREC 14 - RUPREICO:25420160REKLAMNI PLOCHY
14. 10. 2020;-50 820,00 CZK;2017020696 / 558 / 63;Odchozí platba;PYORD0000023077 VLTAVA LABE MEDIA A.S. U TREZORKY 921/2PRAHA 5 - JINONICE ICO:01440578INZERCE V NOVINACH
14. 10. 2020;-55 599,50 CZK;2017018619 / 558 / 69;Odchozí platba;PYORD0000023076 VLTAVA LABE MEDIA A.S. U TREZORKY 921/2PRAHA 5 - JINONICE ICO:01440578INZERCE V NOVINACH
14. 10. 2020;-9 200,00 CZK;20200009 / 558 / 45;Odchozí platba;PYORD0000023086 MARTIN REHAK FUCIKOVA 325POLICE NAD METUJI ICO:07349548GRAFICKE ZPRACOVANI NOV
13. 10. 2020;-39 204,00 CZK;2020144 / 558 / 51;Odchozí platba;PYORD0000022813 CENTRAL MEDIA S.R.O. DEMLOVA 3581/1JIHLAVA ICO:26952963PPC KAMPAN NA GOOGLU
13. 10. 2020;-6 050,00 CZK;2020427 / 558 / 12;Odchozí platba;PYORD0000022427 ZIP INZERT S.R.O. TYRSOVA 65/5PISEK ICO:04599659INZERCE - LETLAK
13. 10. 2020;-40 728,60 CZK;2017020786 / 558 / 6;Odchozí platba;PYORD0000022995 VLTAVA LABE MEDIA A.S. U TREZORKY 921/2PRAHA 5 - JINONICE ICO:01440578INZERCE V NOVINACH
13. 10. 2020;-436,00 CZK;2020147 / 558 / 15;Odchozí platba;PYORD0000022852 CENTRAL MEDIA S.R.O. DEMLOVA 3581/1JIHLAVA ICO:26952963REKLAMNI PLOCHY
13. 10. 2020;-36 298,79 CZK;20210593 / 558 / 42;Odchozí platba;PYORD0000022808 W & P EURONOVA S.R.O. NADRAZNI 2744/14PLZEN ICO:40526526TISK A ROZNOS LETAKU
13. 10. 2020;-21 901,00 CZK;2020143 / 558 / 15;Odchozí platba;PYORD0000022812 CENTRAL MEDIA S.R.O. DEMLOVA 3581/1JIHLAVA ICO:26952963PPC KAMPAN GOOGLE,SEZNA
13. 10. 2020;-11 616,00 CZK;200100340 / 558 / 39;Odchozí platba;PYORD0000022944 TN MEDIA S.R.O. BRANICKA 213/53PRAHA 4 - BRANIK ICO:28847229INZERCE V NOVINACH
13. 10. 2020;-700,00 CZK;3010000004 / 558 / 0;Odchozí platba;PYORD0000023049 MARKETA NOWAKOVA CESKA 3HAVIROV DAT.NAR.:06.07.1981VYUCT.NOWAKOVA-T
13. 10. 2020;-2 971,00 CZK;2020142 / 558 / 51;Odchozí platba;PYORD0000022992 CENTRAL MEDIA S.R.O. DEMLOVA 3581/1JIHLAVA ICO:26952963PLAKAKTY A2
13. 10. 2020;-2 252,00 CZK;2020141 / 558 / 15;Odchozí platba;PYORD0000022811 CENTRAL MEDIA S.R.O. DEMLOVA 3581/1JIHLAVA ICO:26952963PRONAJEM PLOCH
13. 10. 2020;-18 150,00 CZK;2020148 / 558 / 51;Odchozí platba;PYORD0000022814 CENTRAL MEDIA S.R.O. DEMLOVA 3581/1JIHLAVA ICO:26952963PRONAJEM REKLAMNICH PLO
13. 10. 2020;-9 800,00 CZK;20200010 / 558 / 39;Odchozí platba;PYORD0000023002 MARTIN REHAK FUCIKOVA 325POLICE NAD METUJI ICO:07349548GRAFICKE PRACE
13. 10. 2020;-1 210,00 CZK;37620000 / 558 / 66;Odchozí platba;PYORD0000022853 ZABREZSKA KULTURNI, S.R.O. CESKOSLOVENSKE ARMADY 835/1ZABREH ICO:27762661ZABOR
12. 10. 2020;-2 420,00 CZK;20201308 / 558 / 69;Odchozí platba;PYORD0000022760 VANESTA REKLAMA S.R.O. 9. KVETNA 627NOVY BOHUMIN ICO:25894510BANNER
12. 10. 2020;-2 400,00 CZK;3010000005 / 558 / 6;Odchozí platba;PYORD0000022947 JAKUB KOMAREK KLAPY 85KLAPY DAT.NAR.:15.06.1989VYUCTOVANI KOMAR
12. 10. 2020;-484,00 CZK;20201309 / 558 / 72;Odchozí platba;PYORD0000022761 VANESTA REKLAMA S.R.O. 9. KVETNA 627NOVY BOHUMIN ICO:25894510BANNER
9. 10. 2020;-202 070,00 CZK;8004200674 / 558 / 60;Odchozí platba;PYORD0000022925 DOPRAVNI PODNIK MESTA BRNA,A.S. HLINKY 64/151BRNO ICO:25508881REKLAMNI PLOCHY V MHD
9. 10. 2020;-9 680,00 CZK;300200134 / 558 / 57;Odchozí platba;PYORD0000022941 VYDOS BUS A.S. JIRIHO WOLKERA 416/1VYSKOV ICO:26950731REKLAMNI PLOCHY
9. 10. 2020;-2 500,00 CZK;202032 / 558 / 33;Odchozí platba;PYORD0000022946 VLADISLAVA MARSCHALLOVA CECHOVA 508LIBOCHOVICE ICO:75892847ZAJISTENI DNU ZDRAVI
9. 10. 2020;-2 500,00 CZK;202031 / 558 / 6;Odchozí platba;PYORD0000022945 VLADISLAVA MARSCHALLOVA CECHOVA 508LIBOCHOVICE ICO:75892847ZAJISTENI DNU ZDRAVI
9. 10. 2020;100 000,00 CZK;9 / 558 / 0;ANO 2011;Příchozí platba;prevod financi HKH na voleb. SEN. ucet Jaroslavy B. Lampertove (sen. obvod č. 3)
8. 10. 2020;-1 800,00 CZK;20200511 / 558 / 66;Odchozí platba;PYORD0000022292 JUTTY GROUP S.R.O. TOVARNI 3038/7APREROV I - MESTO ICO:25849620TISK LETAKU
8. 10. 2020;-29 288,93 CZK;5190507956 / 558 / 63;Odchozí platba;PYORD0000022717 CESKA POSTA, S.P. POLITICKYCH VEZNU 909/4PRAHA 1 ICO:47114983ROZNOS PLAKATU
8. 10. 2020;35 090,00 CZK;0 / 0 / 0;Fischerová Romana;Příchozí platba;vrácení omylem zaslané platby
8. 10. 2020;-363,00 CZK;20200504 / 558 / 63;Odchozí platba;PYORD0000022289 JUTTY GROUP S.R.O. TOVARNI 3038/7APREROV I - MESTO ICO:25849620TISK PLAKATU
8. 10. 2020;-8 000,00 CZK;202030134 / 558 / 39;Odchozí platba;PYORD0000022818 MEOB S.R.O. CECHOVA 1203DVUR KRALOVE NAD LABEM ICO:04095413REKL.CLANEK NA FB
8. 10. 2020;-1 800,00 CZK;20200510 / 558 / 63;Odchozí platba;PYORD0000022291 JUTTY GROUP S.R.O. TOVARNI 3038/7APREROV I - MESTO ICO:25849620TISK LETAKU
8. 10. 2020;-37 957,70 CZK;200100460 / 558 / 15;Odchozí platba;PYORD0000022804 LOG INN S.R.O. HLAVNI 293LAZNE TOUSEN ICO:28878213LETAKY
8. 10. 2020;-29 296,96 CZK;5190507955 / 558 / 66;Odchozí platba;PYORD0000022716 CESKA POSTA, S.P. POLITICKYCH VEZNU 909/4PRAHA 1 ICO:47114983ROZNOS PLAKATU
8. 10. 2020;-908,00 CZK;20200509 / 558 / 63;Odchozí platba;PYORD0000022290 JUTTY GROUP S.R.O. TOVARNI 3038/7APREROV I - MESTO ICO:25849620TISK PLAKATU
8. 10. 2020;-10 544,00 CZK;2020138 / 558 / 15;Odchozí platba;PYORD0000022810 CENTRAL MEDIA S.R.O. DEMLOVA 3581/1JIHLAVA ICO:26952963PRONAJEM PLOCH AUTOBUSY
8. 10. 2020;-7 500,00 CZK;202030135 / 558 / 39;Odchozí platba;PYORD0000022766 MEOB S.R.O. CECHOVA 1203DVUR KRALOVE NAD LABEM ICO:04095413POPL.ZA UCAST NA VOLEBN
8. 10. 2020;-123 420,00 CZK;7900001652 / 558 / 66;Odchozí platba;PYORD0000022533 AGROTEC A.S. BRNENSKA 74HUSTOPECE ICO:00544957POLEPY AUT
7. 10. 2020;-109 552,19 CZK;20230240 / 558 / 42;Odchozí platba;PYORD0000022851 W & P EURONOVA S.R.O. NADRAZNI 2744/14PLZEN ICO:40526526TISK A ROZNOS LETAKU
7. 10. 2020;5 000 000,00 CZK;9 / 558 / 0;ANO 2011;Příchozí platba;prevod penez na senatni volebni ucet
7. 10. 2020;-14 520,00 CZK;20200154 / 558 / 69;Odchozí platba;PYORD0000022854 JIRI SACHR STANISLAVA KOSTKY NEUMANNA 1641FRYDICO:48765376INZERCE NA WEBU
6. 10. 2020;-30 549,00 CZK;2020134 / 558 / 51;Odchozí platba;PYORD0000022758 CENTRAL MEDIA S.R.O. DEMLOVA 3581/1JIHLAVA ICO:26952963REKLAMNI PLACHTY
6. 10. 2020;-15 470,46 CZK;20210592 / 558 / 42;Odchozí platba;PYORD0000022697 W & P EURONOVA S.R.O. NADRAZNI 2744/14PLZEN ICO:40526526BROZURY
6. 10. 2020;-12 750,00 CZK;20201290 / 558 / 57;Odchozí platba;PYORD0000022721 VANESTA REKLAMA S.R.O. 9. KVETNA 627NOVY BOHUMIN ICO:25894510TUZKY
6. 10. 2020;-6 228,00 CZK;2020136 / 558 / 51;Odchozí platba;PYORD0000022809 CENTRAL MEDIA S.R.O. DEMLOVA 3581/1JIHLAVA ICO:26952963REKLAMNI PLOCHY - DODAV
6. 10. 2020;-4 500,00 CZK;2020042 / 558 / 75;Odchozí platba;PYORD0000022816 JAN TABASEK MARIANSKOHORSKA 19OSTRAVA ICO:06613675INZERCE ONLINE
6. 10. 2020;-2 500,00 CZK;2020046 / 558 / 69;Odchozí platba;PYORD0000022817 JAN TABASEK MARIANSKOHORSKA 19OSTRAVA ICO:06613675PROPAGACE NA FCB
6. 10. 2020;-55 902,00 CZK;2020226 / 558 / 12;Odchozí platba;PYORD0000022807 JAN CURIN TABORSKA 1383PISEK - BUDEJOVICKE PRICO:68546831TISK REKLAMNICH PLACHET
5. 10. 2020;-3 300,00 CZK;2020047 / 558 / 75;Odchozí platba;PYORD0000022763 JAN TABASEK MARIANSKOHORSKA 19OSTRAVA ICO:06613675PROPAGACE PRISPEVKU NA
5. 10. 2020;-1 310,73 CZK;5117276425 / 558 / 63;Odchozí platba;PYORD0000022715 CESKA POSTA, S.P. POLITICKYCH VEZNU 909/4PRAHA 1 ICO:47114983DISTRIBUCE LETAKU
5. 10. 2020;-115 528,00 CZK;2020056 / 558 / 63;Odchozí platba;PYORD0000022764 VIVENTIS MEDIA S.R.O. 8. KVETNA 971/59SUMPERK ICO:04056639REKLAMNI PLOCHY
5. 10. 2020;-115 528,00 CZK;2020057 / 558 / 66;Odchozí platba;PYORD0000022765 VIVENTIS MEDIA S.R.O. 8. KVETNA 971/59SUMPERK ICO:04056639REKLAMNI PLOCHY
2. 10. 2020;-42 299,99 CZK;20201180 / 558 / 57;Odchozí platba;PYORD0000022718 VANESTA REKLAMA S.R.O. 9. KVETNA 627NOVY BOHUMIN ICO:25894510REKLAMNI TUZKY
2. 10. 2020;-12 750,00 CZK;20201231 / 558 / 54;Odchozí platba;PYORD0000022720 VANESTA REKLAMA S.R.O. 9. KVETNA 627NOVY BOHUMIN ICO:25894510REKLAMNI TUZKY
2. 10. 2020;-35 090,00 CZK;1262020 / 558 / 42;Odchozí platba;PYORD0000022725 JAN DLOUHY NA LETISTI 530PARDUBICE ICO:18846700VYLEP PLAKATU
2. 10. 2020;-42 499,99 CZK;20201181 / 558 / 60;Odchozí platba;PYORD0000022719 VANESTA REKLAMA S.R.O. 9. KVETNA 627NOVY BOHUMIN ICO:25894510REKLAMNI TUZKY
2. 10. 2020;-71 387,58 CZK;2017016295 / 558 / 75;Odchozí platba;PYORD0000022724 VLTAVA LABE MEDIA A.S. U TREZORKY 921/2PRAHA 5 - JINONICE ICO:01440578INZERCE V NOVINACH+NA I
2. 10. 2020;1 000 000,00 CZK;9 / 558 / 0;ANO 2011;Příchozí platba;prevod penez na senatni volebni ucet
2. 10. 2020;-6 500,00 CZK;20200009 / 558 / 39;Odchozí platba;PYORD0000022726 VERONIKA KNOURKOVA PALACKEHO 570OPOCNO ICO:01394975SADA FOTEK DO SENATU
1. 10. 2020;-30 000,00 CZK;20200904 / 558 / 63;Odchozí platba;PYORD0000022537 BRETISLAV VYBIRAL VESELICKO 153VESELICKO ICO:01414887HUDEBNI VYSTOUPENI
1. 10. 2020;-2 329,25 CZK;20230234 / 558 / 42;Odchozí platba;PYORD0000022647 W & P EURONOVA S.R.O. NADRAZNI 2744/14PLZEN ICO:40526526PLAKATY
1. 10. 2020;-7 833,00 CZK;2020099 / 558 / 66;Odchozí platba;PYORD0000022701 MARTIN HILLER CSL. ARMADY 2077/3SUMPERK ICO:73283738ROZNOS LETAKU
1. 10. 2020;-2 556,00 CZK;20205110 / 558 / 6;Odchozí platba;PYORD0000022234 1. DEJVICKA SPOL. S R.O. FRAGNEROVA 2384/44PRAHA 6 ICO:27652301BANNERY S OKY
1. 10. 2020;-45 914,00 CZK;3010000003 / 558 / 42;Odchozí platba;PYORD0000022702 ROMANA FISCHEROVA KOMENSKEHO 8LYSA NAD LABEM DAT.NAR.:18.03.1969PHM,ROZNASKA,BAT
1. 10. 2020;-20 654,70 CZK;20230232 / 558 / 30;Odchozí platba;PYORD0000022646 W & P EURONOVA S.R.O. NADRAZNI 2744/14PLZEN ICO:40526526PRONAJEM REKLAMNICH PLO
1. 10. 2020;-64 856,00 CZK;2020133 / 558 / 51;Odchozí platba;PYORD0000022648 CENTRAL MEDIA S.R.O. DEMLOVA 3581/1JIHLAVA ICO:26952963PRONAJEM 8KS BILLBORDU
1. 10. 2020;-10 871,84 CZK;2097003234 / 558 / 60;Odchozí platba;PYORD0000022698 VLTAVA LABE MEDIA A.S. U TREZORKY 921/2PRAHA 5 - JINONICE ICO:01440578ONLINE INZERCE
1. 10. 2020;-14 501,84 CZK;2097003270 / 558 / 60;Odchozí platba;PYORD0000022699 VLTAVA LABE MEDIA A.S. U TREZORKY 921/2PRAHA 5 - JINONICE ICO:01440578ONLINE INZERCE
1. 10. 2020;-175 394,73 CZK;2020090635 / 558 / 66;Odchozí platba;Ceska posta, s.p. postovni sluzby - 21
1. 10. 2020;-500,00 CZK;100 / 558 / 6;Odchozí platba;PYORD0000022641 MILAN RYCHTARIK U STADIONU 2532LOUNY DAT.NAR.:28.06.1972ZABOR ZATEC
1. 10. 2020;-29 296,97 CZK;2020070048 / 558 / 63;Odchozí platba;Ceska posta, s.p. roznasky informacnich materialu
1. 10. 2020;-175 355,23 CZK;2020090636 / 558 / 63;Odchozí platba;Ceska posta, s.p. postovni sluzby - 21
1. 10. 2020;-29 303,57 CZK;2020070047 / 558 / 66;Odchozí platba;Ceska posta, s.p. roznasky informacnich materialu
30. 9. 2020;-4 598,00 CZK;20201267 / 558 / 69;Odchozí platba;PYORD0000022599 VANESTA REKLAMA S.R.O. 9. KVETNA 627NOVY BOHUMIN ICO:25894510PLACHTY 10 KS
29. 9. 2020;-55 369,60 CZK;20204361 / 558 / 72;Odchozí platba;PYORD0000022594 TISKARNA GRAFICO S.R.O. U PANSKEHO MLYNA 1438/33OPAVA - KYLICO:25885839LETAKY
29. 9. 2020;-55 369,60 CZK;20204362 / 558 / 69;Odchozí platba;PYORD0000022595 TISKARNA GRAFICO S.R.O. U PANSKEHO MLYNA 1438/33OPAVA - KYLICO:25885839LETAKY
29. 9. 2020;-4 500,00 CZK;2020043 / 558 / 69;Odchozí platba;PYORD0000022690 JAN TABASEK MARIANSKOHORSKA 19OSTRAVA ICO:06613675SLUZBY SKLIK
25. 9. 2020;-165 529,00 CZK;20180025 / 558 / 3;Odchozí platba;PYORD0000022644 W & P EURONOVA S.R.O. NADRAZNI 2744/14PLZEN ICO:40526526VYROBA A ROZNOS LETAKU
25. 9. 2020;-26 312,44 CZK;420200306 / 558 / 33;Odchozí platba;PYORD0000022378 CESKA DISTRIBUCNI A.S. NA ROVINCE 879OSTRAVA - HRABOVA ICO:26791692NEADRESNA DISTRIBUCE
25. 9. 2020;-2 000,00 CZK;302020 / 558 / 6;Odchozí platba;PYORD0000022657 VLASTIMIL ROFLIK TOPOLOVA 2890LOUNY ICO:67644350VIDEA
25. 9. 2020;-6 050,00 CZK;20010055 / 558 / 60;Odchozí platba;PYORD0000022691 BRNO TV, S.R.O. MORAVSKE NAMESTI 127/3BRNO ICO:06191941TV SPOT
25. 9. 2020;-567,00 CZK;3010000002 / 558 / 15;Odchozí platba;PYORD0000022660 MARTIN VONDERKA RACOVSKA 127/14BATELOV
25. 9. 2020;-87 069,18 CZK;20230198 / 558 / 30;Odchozí platba;PYORD0000022645 W & P EURONOVA S.R.O. NADRAZNI 2744/14PLZEN ICO:40526526TISK A ROZNOS NOVIN
25. 9. 2020;-24 150,00 CZK;20200018 / 558 / 72;Odchozí platba;PYORD0000022693 DANIELA KRUPOVA JANDOVA 37HLUCIN ICO:04783395PORADENSTVI
25. 9. 2020;-14 937,00 CZK;2002087 / 558 / 12;Odchozí platba;PYORD0000022640 JIHOCESKE TYDENIKY S.R.O. DUKELSKYCH BOJOVNIKU 2084/49TABOR ICO:26097346INZERCE V NOVINACH
25. 9. 2020;-30 271,44 CZK;420200307 / 558 / 6;Odchozí platba;PYORD0000022379 CESKA DISTRIBUCNI A.S. NA ROVINCE 879OSTRAVA - HRABOVA ICO:26791692NEADRESNA DISTRIBUCE
25. 9. 2020;-15 463,00 CZK;2320006154 / 558 / 12;Odchozí platba;PYORD0000022551 MAFRA, A.S. KARLA ENGLISE 519/11PRAHA 5 ICO:45313351CLANEK V NOVINACH
24. 9. 2020;-11 810,00 CZK;2020159 / 558 / 30;Odchozí platba;PYORD0000022597 TEN MEDIA S.R.O. VRCHLICKEHO 2770KLADNO KROCEHLAVY ICO:27574938PRONAJEM PLOCH, PRELEP
24. 9. 2020;-33 578,00 CZK;2020158 / 558 / 30;Odchozí platba;PYORD0000022596 TEN MEDIA S.R.O. VRCHLICKEHO 2770KLADNO KROCEHLAVY ICO:27574938PRONAJEM REKLAMNICH PLO
24. 9. 2020;-34 202,83 CZK;420200355 / 558 / 45;Odchozí platba;PYORD0000022592 CESKA DISTRIBUCNI A.S. NA ROVINCE 879OSTRAVA - HRABOVA ICO:26791692DISTRIBUCE
24. 9. 2020;-2 598,00 CZK;420200410 / 558 / 57;Odchozí platba;Česká distribuční k.s. Na Rovince 879 720 00 Ostrava - Hrabová
24. 9. 2020;-2 852,00 CZK;420200410 / 558 / 54;Odchozí platba;Česká distribuční k.s. Na Rovince 879 720 00 Ostrava - Hrabová
24. 9. 2020;-30 720,15 CZK;420200356 / 558 / 39;Odchozí platba;PYORD0000022593 CESKA DISTRIBUCNI A.S. NA ROVINCE 879OSTRAVA - HRABOVA ICO:26791692DISTRIBUCE
24. 9. 2020;-5 445,00 CZK;3942020 / 558 / 6;Odchozí platba;PYORD0000022534 PETR CAFOUREK BUDOVCOVA 1692RAKOVNIK ICO:10198121LETAKY
24. 9. 2020;-29 873,16 CZK;420200408 / 558 / 57;Odchozí platba;PYORD0000022606 CESKA DISTRIBUCNI A.S. NA ROVINCE 879OSTRAVA - HRABOVA ICO:26791692DISTRIBUCE
24. 9. 2020;-10 657,70 CZK;420200410 / 558 / 60;Odchozí platba;PYORD0000022607 CESKA DISTRIBUCNI A.S. NA ROVINCE 879OSTRAVA - HRABOVA ICO:26791692DISTRIBUCE
24. 9. 2020;-35 175,91 CZK;20510676 / 558 / 6;Odchozí platba;PYORD0000022385 USTECKE TISKARNY, S.R.O. HORNICKA 2460/26USTI NAD LABEM ICO:25451553LETAKY
23. 9. 2020;-22 500,00 CZK;2020040 / 558 / 72;Odchozí platba;PYORD0000022543 JAN TABASEK MARIANSKOHORSKA 19OSTRAVA ICO:06613675PORADENSKE A KONZULTACN
22. 9. 2020;-5 626,50 CZK;20230195 / 558 / 42;Odchozí platba;PYORD0000022535 W & P EURONOVA S.R.O. NADRAZNI 2744/14PLZEN ICO:40526526TISKA A VYLEP
22. 9. 2020;-243 925,00 CZK;2020007 / 558 / 66;Odchozí platba;PYORD0000022538 MORAVSKA PRODUKCNI S.R.O. 8.KVETNA 971/59SUMPERK ICO:05292972REKLAMNI PLOCHY
22. 9. 2020;-15 650,14 CZK;20230196 / 558 / 42;Odchozí platba;PYORD0000022555 W & P EURONOVA S.R.O. NADRAZNI 2744/14PLZEN ICO:40526526LETAKY
22. 9. 2020;-60 500,00 CZK;20230197 / 558 / 42;Odchozí platba;PYORD0000022536 W & P EURONOVA S.R.O. NADRAZNI 2744/14PLZEN ICO:40526526SPRAVA OBSAHU RTB KAPMA
22. 9. 2020;-243 925,00 CZK;2020008 / 558 / 63;Odchozí platba;PYORD0000022539 MORAVSKA PRODUKCNI S.R.O. 8.KVETNA 971/59SUMPERK ICO:05292972VELKOPLOSNE REKLAMNI PL
21. 9. 2020;-299,96 CZK;200102326 / 558 / 42;Odchozí platba;PYORD0000022475 ELEKTA, SPO. S.R.O. V BRANCE 262TACHLOVICE ICO:63073081NADOBY NA BIO ODPAD
18. 9. 2020;-5 207,00 CZK;20200022 / 558 / 39;Odchozí platba;PYORD0000022542 MAURICE RECORDS S.R.O. NA TREBESINE 2418/58PRAHA 10 - STRAICO:03181880SPONZOROVANE PRISPEVKY
18. 9. 2020;-18 150,00 CZK;211100001 / 558 / 54;Odchozí platba;PYORD0000022556 REGIONALNI VYDAVATELSTVI S.R.O. K ZIZKOVU 282/9PRAHA 9 - VYSOCANY ICO:27846717NOVINY
18. 9. 2020;-26 914,09 CZK;420200363 / 558 / 15;Odchozí platba;PYORD0000022553 CESKA DISTRIBUCNI A.S. NA ROVINCE 879OSTRAVA - HRABOVA ICO:26791692DISTRIBUCE
18. 9. 2020;-26 914,09 CZK;420200362 / 558 / 15;Odchozí platba;PYORD0000022552 CESKA DISTRIBUCNI A.S. NA ROVINCE 879OSTRAVA - HRABOVA ICO:26791692DISTRIBUCE
18. 9. 2020;-12 100,00 CZK;2020225 / 558 / 12;Odchozí platba;PYORD0000022554 JAN CURIN TABORSKA 1383PISEK - BUDEJOVICKE PRICO:68546831POLEPY NA AUTA
18. 9. 2020;-6 300,00 CZK;1172020 / 558 / 66;Odchozí platba;PYORD0000022558 JAN DLOUHY NA LABISTI 530PARDUBICE ICO:18846700TISK PLAKATU
18. 9. 2020;-11 670,00 CZK;20200021 / 558 / 45;Odchozí platba;PYORD0000022541 MAURICE RECORDS S.R.O. NA TREBESINE 2418/58PRAHA 10 - STRAICO:03181880SPONZOROVANE PRISPEVKY
18. 9. 2020;-4 000,00 CZK;32020 / 558 / 6;Odchozí platba;PYORD0000022547 MGR. LIBOR ZELINSKY PODMESTI 2176ZATEC ICO:09428836ON-LINE CLANEK
18. 9. 2020;-18 150,00 CZK;211100002 / 558 / 57;Odchozí platba;PYORD0000022557 REGIONALNI VYDAVATELSTVI S.R.O. K ZIZKOVU 282/9PRAHA 9 - VYSOCANY ICO:27846717NOVINY
17. 9. 2020;-10 460,00 CZK;1021901 / 558 / 60;Odchozí platba;PYORD0000022503 RENGL, S.R.O. ZAKOPNICKA 354/11LIBEREC 14 - RUPREICO:25420160VYLEP
17. 9. 2020;-8 591,00 CZK;200100301 / 558 / 39;Odchozí platba;PYORD0000022445 TN MEDIA S.R.O. BRANICKA 213/53PRAHA 4 - BRANIK ICO:28847229TRUTNOVINKY CELOSTRANA
17. 9. 2020;-17 707,81 CZK;420200360 / 558 / 60;Odchozí platba;PYORD0000022504 CESKA DISTRIBUCNI A.S. NA ROVINCE 879OSTRAVA - HRABOVA ICO:26791692NEADRESNA DISTRIBUCE
17. 9. 2020;-1 150,00 CZK;2010000096 / 558 / 63;Odchozí platba;PYORD0000022474 DELNICKY DUM V ODRACH, KOPECNA 188/23ODRY ICO:68343957VYLEP PLAKATU
17. 9. 2020;-14 501,85 CZK;2097003231 / 558 / 54;Odchozí platba;PYORD0000022494 VLTAVA LABE MEDIA A.S. U TREZORKY 921/2PRAHA 5 - JINONICE ICO:01440578CLANEK V NOVINACH
17. 9. 2020;-10 871,84 CZK;2097003232 / 558 / 54;Odchozí platba;PYORD0000022495 VLTAVA LABE MEDIA A.S. U TREZORKY 921/2PRAHA 5 - JINONICE ICO:01440578CLANEK V NOVINACH
17. 9. 2020;-3 150,00 CZK;20200087 / 558 / 42;Odchozí platba;PYORD0000022501 KAMILA HERMANOVA ZDETIN 152ZDETIN ICO:07435801REKLAMNI TRICKA
16. 9. 2020;-7 623,00 CZK;7900001578 / 558 / 15;Odchozí platba;PYORD0000022373 AGROTEC A.S. BRNENSKA 74HUSTOPECE ICO:00544957POLEP VOZU
15. 9. 2020;-34 167,13 CZK;420200294 / 558 / 69;Odchozí platba;PYORD0000022425 CESKA DISTRIBUCNI A.S. NA ROVINCE 879OSTRAVA - HRABOVA ICO:26791692NEADRESNA DISTRIBUCE
15. 9. 2020;-36 300,00 CZK;3622020 / 558 / 6;Odchozí platba;PYORD0000022375 PETR CAFOUREK BUDOVCOVA 1692RAKOVNIK ICO:10198121TROJBANER
15. 9. 2020;-34 746,00 CZK;2021000519 / 558 / 33;Odchozí platba;PYORD0000022444 VLTAVA LABE MEDIA A.S. U TREZORKY 921/2PRAHA 5 - JINONICE ICO:01440578TISK NOVIN
15. 9. 2020;-35 635,00 CZK;20201179 / 558 / 69;Odchozí platba;PYORD0000022443 VANESTA REKLAMA S.R.O. 9. KVETNA 627NOVY BOHUMIN ICO:25894510PRONAJEM VYLEP,TISK A I
15. 9. 2020;-6 100,00 CZK;3612020 / 558 / 6;Odchozí platba;PYORD0000022374 PETR CAFOUREK BUDOVCOVA 1692RAKOVNIK ICO:10198121REKLAMNI PIVO
15. 9. 2020;-27 469,03 CZK;420200305 / 558 / 33;Odchozí platba;PYORD0000022377 CESKA DISTRIBUCNI A.S. NA ROVINCE 879OSTRAVA - HRABOVA ICO:26791692NEADRESNA DISTRIBUCE
15. 9. 2020;-31 961,00 CZK;420200295 / 558 / 72;Odchozí platba;PYORD0000022307 CESKA DISTRIBUCNI A.S. NA ROVINCE 879OSTRAVA - HRABOVA ICO:26791692NEADRESNA DISTRIBUCE
15. 9. 2020;-18 755,00 CZK;3632020 / 558 / 6;Odchozí platba;PYORD0000022376 PETR CAFOUREK BUDOVCOVA 1692RAKOVNIK ICO:10198121POLEP VOZU
14. 9. 2020;-42 350,00 CZK;20230191 / 558 / 3;Odchozí platba;PYORD0000022384 W & P EURONOVA S.R.O. NADRAZNI 2744/14PLZEN ICO:40526526BANNERY ON LINE
14. 9. 2020;-6 776,00 CZK;20230190 / 558 / 42;Odchozí platba;PYORD0000022383 W & P EURONOVA S.R.O. NADRAZNI 2744/14PLZEN ICO:40526526POLEPY
14. 9. 2020;-6 800,00 CZK;1182020 / 558 / 63;Odchozí platba;PYORD0000022435 JAN DLOUHY NA LABISTI 530PARDUBICE ICO:18846700VYLEP PLAKATU
11. 9. 2020;-87 120,00 CZK;20200040 / 558 / 12;Odchozí platba;PYORD0000022386 TWDC PRAGUE S.R.O. ZATAVSKE NABR. 315PISEK ICO:04148967FINALIZACE WEBU, GRAFIC
11. 9. 2020;-148 000,00 CZK;5900172020 / 558 / 15;Odchozí platba;PYORD0000022137 NAKLADATELSTVI OLYMPIA, S.R.O. WERICHOVA 973VELKE PRILEPY ICO:65416953KNIHA JANDAK
10. 9. 2020;-1 425,00 CZK;71443339 / 8148 / 0;Odchozí platba;PYORD0000022338 FINANCNI URAD PRO HLAVNI MESTO STEPANSKA 619PRAHA 1 ICO:72080043DAN SRAZKOVA
10. 9. 2020;-8 075,00 CZK;202008 / 138 / 0;Odchozí platba;PYORD0000022372 MZDY - ZUCTOVANI
9. 9. 2020;-12 100,00 CZK;320 / 558 / 30;Odchozí platba;PYORD0000022323 MEDIADISPLAY S.R.O. ORESSKA 241/32PRAHA 5 ICO:08378983PR A PORADENSKA CINNOST
9. 9. 2020;-18 150,00 CZK;212002405 / 558 / 42;Odchozí platba;PYORD0000022321 REGIONALNI VYDAVATELSTVI S.R.O. K ZIZKOVU 282/9PRAHA 9 - VYSOCANY ICO:27846717INZERCE V NOVINACH
9. 9. 2020;-34 000,00 CZK;1082020 / 558 / 15;Odchozí platba;PYORD0000022322 JAN DLOUHY NA LABISTI 530PARDUBICE ICO:18846700VYLEP A TISK PLAKATU
8. 9. 2020;-34 950,00 CZK;2080256 / 558 / 21;Odchozí platba;PYORD0000022223 PRODUCTION TEAM, S. R. O OPLETALOVA 1013/59PRAHA1, NOVE MESTICO:63991101KREATIVNI KONCEPT A MAN
8. 9. 2020;-3 235,00 CZK;3010000001 / 558 / 42;Odchozí platba;PYORD0000022308 ROMANA FISCHEROVA KOMENSKEHO 8LYSA NAD LABEM DAT.NAR.:18.03.1969VYUCTOVANI FISCH
3. 9. 2020;-26 397,36 CZK;2017016919 / 558 / 60;Odchozí platba
3. 9. 2020;-65 005,07 CZK;2097003410 / 558 / 57;Odchozí platba
3. 9. 2020;-52 794,72 CZK;2097003287 / 558 / 60;Odchozí platba
3. 9. 2020;-58 074,19 CZK;2097003220 / 558 / 54;Odchozí platba
2. 9. 2020;-4 800,00 CZK;1021715 / 558 / 69;Odchozí platba;PYORD0000022262 RENGL, S.R.O. ZAKOPNICKA 354/11LIBEREC 14 - RUPREICO:25420160DISTRIBUCE,VYLEP PLAKAT
2. 9. 2020;-18 150,00 CZK;165 / 558 / 63;Odchozí platba;PYORD0000022277 EUROAWK S.R.O. KONOPISTSKA 739/16PRAHA 10 - VRSOVIICO:24196819REKLAMNI KAMPAN
2. 9. 2020;-23 087,00 CZK;20010637 / 558 / 45;Odchozí platba;PYORD0000022263 AREKLAMA S.R.O. V PISKACH 16ABRNO ICO:03797775REKLAMNI PLOCHY
31. 8. 2020;-31 602,05 CZK;420200262 / 558 / 0;Odchozí platba;PYORD0000022233 CESKA DISTRIBUCNI A.S. NA ROVINCE 879OSTRAVA - HRABOVA ICO:26791692NEADRESNA DISTRIBUCE
28. 8. 2020;-3 628,79 CZK;20200010 / 558 / 39;Odchozí platba;PYORD0000022235 MAURICE RECORDS S.R.O. NA TREBESINE 2418/58PRAHA 10 - STRAICO:03181880WEB DOMENA
25. 8. 2020;-164 005,00 CZK;20180017 / 558 / 42;Odchozí platba;PYORD0000022222 W & P EURONOVA S.R.O. NADRAZNI 2744/14PLZEN 3 ICO:40526526VYROBA POLEPU K REKLAMN
24. 8. 2020;-5 000,00 CZK;1020 / 558 / 42;Odchozí platba;PYORD0000022184 JAKUB GALUSKA ZALUSKE 97/43PRAHA 5 - JINONICE ICO:49719688WEB 07/2020
24. 8. 2020;-5 800,00 CZK;832020 / 558 / 33;Odchozí platba;PYORD0000022224 JAN DLOUHY NA LABISTI 530PARDUBICE ICO:18846700TISK PLAKATU
21. 8. 2020;-9 430,00 CZK;752020 / 558 / 39;Odchozí platba;PYORD0000022074 JAN DLOUHY NA LABISTI 530PARDUBICE ICO:18846700PRONAJEM REKLAMNICH PLO
21. 8. 2020;-5 240,00 CZK;742020 / 558 / 45;Odchozí platba;PYORD0000022073 JAN DLOUHY NA LABISTI 530PARDUBICE ICO:18846700PRONAJEM REKLAMNICH PLO
20. 8. 2020;-1 500,00 CZK;262020 / 558 / 6;Odchozí platba;PYORD0000022211 VLASTIMIL ROFLIK TOPOLOVA 2890LOUNY ICO:67644350VYROBA VIDEA
20. 8. 2020;-15 730,00 CZK;20022 / 558 / 66;Odchozí platba;PYORD0000022025 ING. MGR. ZDENEK POLACH BRI. MIKOLASKU 633VELKA BYSTRICE ICO:49555332FOTOGRAFICKE PRACE
20. 8. 2020;-15 730,00 CZK;20023 / 558 / 63;Odchozí platba;PYORD0000022026 ING. MGR. ZDENEK POLACH BRI. MIKOLASKU 633VELKA BYSTRICE ICO:49555332FOTOPRACE
19. 8. 2020;-11 550,00 CZK;802020 / 558 / 6;Odchozí platba;PYORD0000022147 JAN DLOUHY NA LABISTI 530PARDUBICE ICO:18846700PRONAJEM REKLAMNICH PLO
18. 8. 2020;400 000,00 CZK;9 / 558 / 0;ANO 2011;Příchozí platba;Převod financí HKH na voleb.SEN SEN účet Jana Jarolíma (sen.obvod č.39)
18. 8. 2020;400 000,00 CZK;9 / 558 / 0;ANO 2011;Příchozí platba;Převod financí HKH na voleb.SEN účet Jiřího Maška (sen.obvod č.45)
18. 8. 2020;100 000,00 CZK;9 / 558 / 0;ANO 2011;Příchozí platba;Převod financí HKH na voleb.SEN účet Vítězslava Jandáka (sen.obvod č.15)
17. 8. 2020;-70 785,00 CZK;2007014 / 558 / 21;Odchozí platba;PYORD0000022178 MGA. VLADIMIR NOVOTNY SKROUPOVA 3917/29BRNO - ZIDENICE ICO:75687861FOCENI KANDIDATU
14. 8. 2020;300 000,00 CZK;9 / 558 / 0;ANO 2011;Příchozí platba;prevod finance HKH na voleb. SEN ucet Petra Kaliny (sen. obvod c. 12(sen. obvod c. 12)
13. 8. 2020;-5 000,00 CZK;820 / 558 / 42;Odchozí platba;PYORD0000022148 JAKUB GALUSKA ZALUSKE 97/43PRAHA 5 - JINONICE ICO:49719688SPRAVA WEBU 06/2020
10. 8. 2020;-12 532,00 CZK;1021515 / 558 / 72;Odchozí platba;PYORD0000022076 RENGL, S.R.O. ZAKOPNICKA 354/11LIBEREC 14 - RUPREICO:25420160PRONAJEM PLOCH
7. 8. 2020;800 000,00 CZK;9 / 558 / 0;ANO 2011;Příchozí platba;prevod financi HKH na voleb. SEN na ucet Jana Zahradicka (sen. obvod č. 66)
7. 8. 2020;800 000,00 CZK;9 / 558 / 0;ANO 2011;Příchozí platba;prevod financi HKH na voleb. SEN na ucet Petra Vrány (sen. obvod č. 63)
6. 8. 2020;-30 008,00 CZK;20200031 / 558 / 12;Odchozí platba;PYORD0000022075 TWDC PRAGUE S.R.O. ZATAVSKE NABR. 315PISEK ICO:04148967VYTVORENI WEBU
5. 8. 2020;300 000,00 CZK;9 / 558 / 0;ANO 2011;Příchozí platba;prevod financi HKH na voleb. SEN ucet Milana Rychtarika (sen. obvod c. 6)
5. 8. 2020;300 000,00 CZK;9 / 558 / 0;ANO 2011;Příchozí platba;prevod financi HKH na voleb. SEN ucet Jiriho Andela (sen. obvod c. 33)
24. 7. 2020;-1 500,00 CZK;1622020 / 558 / 0;Odchozí platba;PYORD0000022027 TEREZA MARKOVA JANA MASARYKA 359/19PRAHA 2 - VINOHICO:71523626SPRAVA FCB 6/2020
10. 7. 2020;100 000,00 CZK;9 / 558 / 0;ANO 2011;Příchozí platba;prevod financi HKH na voleb. Sen. ucet Vitezslava Jandaka (sen. obvod c.15)
10. 7. 2020;100 000,00 CZK;9 / 558 / 0;ANO 2011;Příchozí platba;prevod financi HKH na voleb. Sen. ucet Libora Cerneho (sen obvod č 51)
30. 6. 2020;100 000,00 CZK;9 / 558 / 0;ANO 2011;Příchozí platba;prevod financi HKH na volebni sen. ucet Igora Karena (sen. obchod č. 42)
30. 6. 2020;100 000,00 CZK;9 / 558 / 0;ANO 2011;Příchozí platba;prevod financi HKH na volebni sen. ucet Michaely Vojtove (sen. obvod č. 30)